,Customer,service_repair
0,1563344546638,0.0
1,1564011913587,0.0
2,1564034361495,0.0
3,1563915867124,0.0
4,1564063266929,0.0
5,1563796623228,0.0
6,1563869634511,0.0
7,1564056361919,0.0
8,1563348250935,0.0
9,1563855624744,0.0
10,1564038840469,0.0
11,1564058432391,0.0
12,1564053731177,0.0
13,1563862609145,0.0
14,1563988200901,0.0
15,1330594664966,0.0
16,1563988448456,0.0
17,1563930717493,0.0
18,1330643810909,1.0
19,1564052122857,0.0
20,1564043767881,0.0
21,1563914796805,0.0
22,1330015515385,0.0
23,1330726737487,0.0
24,1564042832536,0.0
25,1564023793360,0.0
26,1564062862138,0.0
27,1563873425489,0.0
28,1330020356735,0.0
29,1563805537478,0.0
30,1330012107886,0.0
31,1564052013071,0.0
32,1563337687842,0.0
33,1564054084413,0.0
34,1563991380399,0.0
35,1563360472767,0.0
36,1564028645407,0.0
37,1330711002901,0.0
38,1563350266979,0.0
39,1563828514124,0.0
40,1564010399809,0.0
41,1564049737376,0.0
42,1563967977100,0.0
43,1563347915304,0.0
44,1563933346140,0.0
45,1564048369895,0.0
46,1564018213977,0.0
47,1563337532579,1.0
48,1563873361717,0.0
49,1563335186051,0.0
50,1563719479952,0.0
51,1563348541139,0.0
52,1564004586197,0.0
53,1563964033202,0.0
54,1563345870520,0.0
55,1330706437223,0.0
56,1563754613871,0.0
57,1564042053987,0.0
58,1330645516018,0.0
59,1563965820771,0.0
60,1563347732496,0.0
61,1330591302257,0.0
62,1563940365092,0.0
63,1564056466079,0.0
64,1330471034748,0.0
65,1564030686675,0.0
66,1563346818432,0.0
67,1563345131161,0.0
68,1563347248831,0.0
69,1563956489720,0.0
70,1563837124434,0.0
71,1563988416036,0.0
72,1563348708971,0.0
73,1564004308148,0.0
74,1563855527649,0.0
75,1564037094071,0.0
76,1563978082405,0.0
77,1563345511536,0.0
78,1563815269835,0.0
79,1563338351264,0.0
80,1563977818680,0.0
81,1563804341747,0.0
82,1563835527093,0.0
83,1563957233216,0.0
84,1564046409954,0.0
85,1564067680665,0.0
86,1563347627261,0.0
87,1564059158036,0.0
88,1563964020497,0.0
89,1563930127214,0.0
90,1564029049557,1.0
91,1564052990570,0.0
92,1564029543111,0.0
93,1563976433950,0.0
94,1330707004944,0.0
95,1563347189049,0.0
96,1563988402925,0.0
97,1564018221334,0.0
98,1563964791319,0.0
99,1563858276355,0.0
100,1330031453058,0.0
101,1563346406701,0.0
102,1564027024786,0.0
103,724053418902,0.0
104,1563870019469,0.0
105,1563346242887,0.0
106,1563996200375,0.0
107,1563348109593,0.0
108,1564032733988,0.0
109,1564049988935,0.0
110,1563349609117,0.0
111,1563954983565,0.0
112,1564038635632,0.0
113,1563349055401,0.0
114,1563348199128,0.0
115,1563344673461,0.0
116,1564032858245,0.0
117,1330723047416,0.0
118,1144067182694,0.0
119,1564029950588,0.0
120,1563994205687,0.0
121,1563349839104,0.0
122,1330002321886,0.0
123,1330000548282,0.0
124,1563954689444,0.0
125,1330676909704,0.0
126,1563347774513,0.0
127,1564025833171,0.0
128,1563848329437,0.0
129,1330727671436,0.0
130,724065755863,0.0
131,1564017384867,0.0
132,1564045546266,0.0
133,1564051112577,0.0
134,1330677248217,0.0
135,1564040719924,0.0
136,1564046792975,0.0
137,1563348503042,0.0
138,1564026926322,0.0
139,1563348448116,0.0
140,2053373999574,0.0
141,1563339785023,0.0
142,1330725106473,0.0
143,1564024041743,0.0
144,1564044810510,0.0
145,1330532543757,0.0
146,1564017719250,0.0
147,1563347477120,0.0
148,1564065692392,0.0
149,1563988439409,0.0
150,1564058948846,0.0
151,1563983335810,0.0
152,1563355491142,0.0
153,1564026846529,0.0
154,1563798521506,0.0
155,1563346388256,0.0
156,1564059125776,0.0
157,1563341619578,0.0
158,1330721761824,0.0
159,1144039506276,0.0
160,2053373903497,0.0
161,1563950469111,0.0
162,1143334595804,0.0
163,1563848534777,0.0
164,724059332236,0.0
165,1564027837789,0.0
166,1144058377259,0.0
167,1564043685582,0.0
168,1564060463338,0.0
169,1564049843792,0.0
170,1564067659837,0.0
171,1330016713146,0.0
172,1563715627539,0.0
173,1564041712781,0.0
174,1564047931763,0.0
175,1564057854478,0.0
176,1563348062537,0.0
177,1564036470159,0.0
178,1564039124239,0.0
179,1564050432049,0.0
180,1564025215417,0.0
181,1143336098272,0.0
182,1330729750686,0.0
183,1563826288437,0.0
184,1564056191037,0.0
185,1564067476850,0.0
186,1564066659901,0.0
187,1564067261710,0.0
188,1564066574368,0.0
189,1564062385284,0.0
190,1564059738017,0.0
191,1564056695208,0.0
192,1330006854913,0.0
193,1564002194827,0.0
194,1563337031309,0.0
195,1564049141953,0.0
196,1563350984041,0.0
197,1563336622124,0.0
198,1564056153156,0.0
199,1564048609998,0.0
200,1330001155739,0.0
201,1564017733404,0.0
202,1564066886645,0.0
203,1143655068166,0.0
204,1563344744619,0.0
205,1564039831001,0.0
206,1564039384205,0.0
207,1563349456050,0.0
208,1330732034389,0.0
209,1564067963969,0.0
210,1564033033710,0.0
211,1330004445051,0.0
212,1563341714776,0.0
213,1143337287194,0.0
214,1330729997739,0.0
215,1563345379015,0.0
216,1563348748913,0.0
217,1564068492823,0.0
218,1564066943432,0.0
219,1330731118784,0.0
220,1564044343985,0.0
221,1330533917955,0.0
222,1143336095797,0.0
223,1143336093701,0.0
224,1330681210443,0.0
225,1330518072755,0.0
226,1564044703806,0.0
227,1564045986920,0.0
228,1330727163273,0.0
229,1563999906693,0.0
230,1564068046149,0.0
231,1330002872275,0.0
232,1143336226858,0.0
233,1143335772541,0.0
234,1564059863954,0.0
235,1144054255031,0.0
236,1564053936725,0.0
237,1563345496659,0.0
238,1563990310411,0.0
239,1564067980428,0.0
240,1564059895316,0.0
241,1564065562105,0.0
242,1330703150361,0.0
243,1564007576275,0.0
244,1563740287867,0.0
245,1564052768462,0.0
246,1564059758690,0.0
247,1330712391943,0.0
248,1563928745659,0.0
249,1330013267986,0.0
250,1564059610239,0.0
251,1564039841200,0.0
252,1564053612940,0.0
253,1563980710880,0.0
254,1330733582577,0.0
255,1564055775081,0.0
256,1143337161066,0.0
257,1563333767998,0.0
258,1330673695379,0.0
259,1330733854438,0.0
260,1330002793186,0.0
261,1330013575006,0.0
262,1330709378238,0.0
263,304067483517,0.0
264,1564022376637,0.0
265,1143886477325,0.0
266,304064410738,0.0
267,1564055643623,0.0
268,724063703624,0.0
269,1330590838488,0.0
270,1330731623963,0.0
271,1144066573162,0.0
272,1564039442301,0.0
273,1330706868253,0.0
274,1564064685234,0.0
275,1564003618249,0.0
276,1564040183330,0.0
277,1564067726407,0.0
278,2053346645221,0.0
279,1144033358134,0.0
280,1564054961520,0.0
281,1330018086152,0.0
282,1330664429719,0.0
283,1144057245534,0.0
284,304027295679,0.0
285,724044263224,0.0
286,1564037235849,0.0
287,1564064498836,0.0
288,1564052046085,0.0
289,1330723956781,0.0
290,1564017775215,0.0
291,723952429092,0.0
292,1564062319752,0.0
293,1330660011865,0.0
294,1563760723938,0.0
295,1330727274272,0.0
296,1330722795511,0.0
297,1143336288511,0.0
298,1330701106324,0.0
299,1564066107361,0.0
300,304044557481,1.0
301,1564067499659,0.0
302,1330015793638,0.0
303,1330709539651,0.0
304,1564022829943,0.0
305,1564054488703,0.0
306,1330668933531,0.0
307,1564049340056,0.0
308,1564032026204,0.0
309,1563349655625,0.0
310,1330669069489,0.0
311,583339789421,0.0
312,1330731725199,0.0
313,1564039909189,0.0
314,1564064061977,0.0
315,304026586836,0.0
316,1564065249315,0.0
317,1564006317559,0.0
318,1564034232212,0.0
319,1143337239023,0.0
320,1563354603699,0.0
321,1564029877190,0.0
322,1564049887435,0.0
323,584056672630,0.0
324,1564060631007,0.0
325,303395984045,0.0
326,1563345217798,0.0
327,1564066677954,0.0
328,1564049003661,0.0
329,1330713069907,0.0
330,1564042402703,0.0
331,1564055580677,0.0
332,1563947260444,0.0
333,1330709794831,0.0
334,304031716671,0.0
335,1564057652532,0.0
336,1144050704696,0.0
337,1564067940486,0.0
338,1564061881356,0.0
339,1330545294089,0.0
340,1564040162230,0.0
341,1564059650223,0.0
342,1564035170418,0.0
343,1564044780575,0.0
344,1564061669165,0.0
345,1564049264789,0.0
346,1564064869430,0.0
347,1564048976462,0.0
348,1564050023396,1.0
349,1564056705047,0.0
350,1564067769600,0.0
351,1564041637743,0.0
352,1564065527731,0.0
353,1144057300689,0.0
354,1143335869496,0.0
355,303412720240,0.0
356,1144048997429,0.0
357,1143334367366,0.0
358,1564048950783,0.0
359,1144048782774,0.0
360,1564064046190,0.0
361,1564067245176,0.0
362,1330675869089,0.0
363,1330001590787,0.0
364,723501640869,0.0
365,1564050897224,0.0
366,1564049353629,0.0
367,1564065056775,0.0
368,1563947501832,0.0
369,1330720685149,0.0
370,1564061726409,0.0
371,1564042723541,0.0
372,1563816906512,0.0
373,1330706361588,0.0
374,1564058374022,0.0
375,1143334638450,0.0
376,1330734339524,0.0
377,1563915790469,0.0
378,1564059155360,0.0
379,723983785263,0.0
380,1564022974966,0.0
381,1144050370901,0.0
382,1564033700602,0.0
383,1564024186391,0.0
384,724035584629,0.0
385,1143336419943,0.0
386,1564068353915,0.0
387,1564061005556,0.0
388,1330731813882,0.0
389,1330011051215,0.0
390,1330495757236,0.0
391,1330000980291,0.0
392,1564034070085,0.0
393,1563990576967,0.0
394,1563345035105,0.0
395,1330014162386,0.0
396,1330018672101,0.0
397,1564021148412,0.0
398,1564016183930,0.0
399,1143842181384,0.0
400,1330005825488,0.0
401,1330616512213,0.0
402,1564036868153,0.0
403,1564006566014,0.0
404,1563348834677,0.0
405,1563777004510,0.0
406,1330733567384,0.0
407,1564045610773,0.0
408,1330006257181,0.0
409,1563336592563,0.0
410,1330016461911,0.0
411,1190734603718,1.0
412,1143333642161,0.0
413,1330695197134,0.0
414,1563334242607,0.0
415,583340664106,0.0
416,1330695814805,0.0
417,1330726453119,0.0
418,1424049340914,0.0
419,1144067863010,0.0
420,1330733060185,0.0
421,1330547144420,0.0
422,1144067851115,0.0
423,1564053046299,0.0
424,1563339079449,0.0
425,1330703138713,0.0
426,1330723462903,0.0
427,1144068223218,0.0
428,957346052091,0.0
429,1190708395655,0.0
430,1564064536374,0.0
431,1563349803386,0.0
432,1564045607789,0.0
433,1330009442696,0.0
434,1563903617208,0.0
435,1330016313810,0.0
436,1563341422057,0.0
437,1564038090647,0.0
438,1564010019096,0.0
439,1330715425165,0.0
440,1564068209004,0.0
441,1563353214537,0.0
442,1564061482650,0.0
443,1563801533784,0.0
444,1564067164538,0.0
445,1563986347091,0.0
446,1563906113417,0.0
447,1330729904319,0.0
448,1564063865779,0.0
449,1330010988250,0.0
450,1330703291717,0.0
451,1564029067617,0.0
452,1563937367332,0.0
453,1330004653483,0.0
454,1564060492948,0.0
455,1563896996825,0.0
456,1563983579764,0.0
457,1563348608516,0.0
458,1563819921521,0.0
459,1330588101448,0.0
460,1330031514903,0.0
461,1564025871725,0.0
462,1330017496854,0.0
463,1563983669738,0.0
464,1330011356146,0.0
465,1563872528038,0.0
466,1563883774133,1.0
467,1563348598105,0.0
468,1330522630257,0.0
469,1563350286843,0.0
470,1330700503678,0.0
471,1564044014330,0.0
472,1330700918519,0.0
473,1563938905750,0.0
474,1564039933717,0.0
475,1330696492181,0.0
476,1330593475565,0.0
477,1564039620367,0.0
478,1330712794231,0.0
479,1330011137665,0.0
480,1563344829559,0.0
481,1563937208885,0.0
482,1563341289825,0.0
483,1564067337186,0.0
484,1330700337439,0.0
485,1563789856064,0.0
486,1564021180309,0.0
487,1563347727613,0.0
488,1330004274519,0.0
489,1564029034983,0.0
490,1564058374466,0.0
491,1563346512427,0.0
492,1330717345451,0.0
493,1330705411889,0.0
494,1564062113684,0.0
495,1563945764700,0.0
496,1563350353520,0.0
497,1564066084802,0.0
498,1563965126791,0.0
499,1330667206127,0.0
500,1563935420173,0.0
501,1330735091947,1.0
502,1330011314345,0.0
503,1563972855321,0.0
504,1563344928443,0.0
505,1330706952164,0.0
506,1563348183681,0.0
507,1564029401620,0.0
508,1330613853079,0.0
509,1563846908691,0.0
510,1330476665238,0.0
511,1563980763303,0.0
512,1330734268047,0.0
513,1563996485347,0.0
514,1330701140764,1.0
515,1563983385766,0.0
516,1563345485933,0.0
517,1330529007684,0.0
518,724034589744,0.0
519,1563987399499,0.0
520,1330685495729,0.0
521,1563346398373,0.0
522,1330660276899,0.0
523,1563901447236,0.0
524,1564005113857,0.0
525,1330014447617,0.0
526,1330009318330,0.0
527,1330690698404,0.0
528,2053344549438,0.0
529,1330480372886,0.0
530,1330715910612,0.0
531,1330708207430,0.0
532,724064747242,0.0
533,1330006131174,0.0
534,1330569352718,0.0
535,1564058539187,0.0
536,1330504361603,0.0
537,1330528758953,0.0
538,1564016800801,0.0
539,1330000595597,0.0
540,1330708510679,0.0
541,1330002627097,0.0
542,1330013166164,0.0
543,1563344802152,0.0
544,1563984354118,0.0
545,724059003311,0.0
546,1563334318186,0.0
547,1330003398488,0.0
548,1330707149263,0.0
549,1564067237721,0.0
550,1330734062998,0.0
551,1143337743884,0.0
552,1563992678355,0.0
553,1330724105643,0.0
554,1330729258849,0.0
555,1144057402595,0.0
556,1330015835689,0.0
557,1330680580352,0.0
558,1330013335231,0.0
559,1563738796650,0.0
560,1330527677819,0.0
561,1564063393328,0.0
562,1330734694972,0.0
563,1143787034672,0.0
564,1564061605481,0.0
565,1144041921052,0.0
566,1564063152838,0.0
567,1563778208638,0.0
568,1563855982161,0.0
569,1564038700077,0.0
570,1330013104812,0.0
571,1564041850324,0.0
572,1563337677890,0.0
573,1330719650467,0.0
574,1330625903348,0.0
575,1330434786979,0.0
576,1564068656063,0.0
577,1330012355669,0.0
578,1143337757914,0.0
579,1563748117117,0.0
580,1330015865668,0.0
581,1564062739612,0.0
582,1564039997125,0.0
583,1330000406560,0.0
584,1330682623571,0.0
585,1563932081758,0.0
586,1330713820349,0.0
587,1330733936193,0.0
588,1330612003863,0.0
589,1564044017393,0.0
590,1564033699046,0.0
591,1564032933071,0.0
592,1564061544577,0.0
593,1330680469472,0.0
594,1564060521860,0.0
595,1564043576302,0.0
596,1563999151379,0.0
597,1564038636288,0.0
598,1563985760057,0.0
599,1564022880081,0.0
600,1564027159783,0.0
601,1563819365196,0.0
602,1564046444968,0.0
603,1564055462274,0.0
604,1564025130103,0.0
605,1564067266773,0.0
606,1563997527817,0.0
607,1564067616027,0.0
608,1564028292260,0.0
609,1564033948642,0.0
610,1564023070369,0.0
611,1564044258382,0.0
612,1563342231507,0.0
613,1563841500118,0.0
614,1564059694960,0.0
615,1330017504918,0.0
616,1564044389688,0.0
617,1330006564709,0.0
618,1564044227988,0.0
619,1564021137807,0.0
620,1564063858291,0.0
621,1563348210890,0.0
622,1564066587440,0.0
623,1564044265427,0.0
624,1564033233063,0.0
625,1330004267911,0.0
626,1563958948988,0.0
627,1330011003638,0.0
628,1564022756982,0.0
629,1564042911727,0.0
630,1330733901389,0.0
631,1564016403401,0.0
632,1564018135887,0.0
633,1563813962284,0.0
634,1564013182379,1.0
635,1564057458047,0.0
636,1564043093377,0.0
637,1563976701758,0.0
638,1563990906025,0.0
639,1564068364061,0.0
640,1564061442685,0.0
641,1564049992479,0.0
642,1564066670021,0.0
643,1564054198872,0.0
644,1564053385776,0.0
645,1564047775418,0.0
646,1563992081934,0.0
647,1330005056895,0.0
648,1144033759248,0.0
649,1564051521529,0.0
650,1564063812360,0.0
651,1564050898977,0.0
652,304060820147,0.0
653,1144043435084,0.0
654,1143335550725,0.0
655,1330385593835,0.0
656,1143336524533,0.0
657,1564041961841,0.0
658,724047901936,0.0
659,724041531971,0.0
660,1564045389687,0.0
661,1144067289456,0.0
662,1563346113863,0.0
663,1144060469101,0.0
664,1564037065005,0.0
665,1563991554524,0.0
666,1144010341310,0.0
667,1190140684567,0.0
668,1143334678509,0.0
669,1564065756110,0.0
670,1143995430855,0.0
671,1563973955495,0.0
672,1143975848976,0.0
673,1563816183615,0.0
674,1424064617868,0.0
675,1563348655024,0.0
676,1330726714905,0.0
677,1564047046307,0.0
678,1564049009840,0.0
679,2053347949188,0.0
680,1330730980609,0.0
681,1330692309975,0.0
682,1330732749084,0.0
683,1330730532814,0.0
684,1330712779505,0.0
685,1143836055819,0.0
686,1330648607012,0.0
687,1423347699053,0.0
688,1330031354043,0.0
689,1144049615450,0.0
690,1564051452166,0.0
691,1564027875018,0.0
692,1564068497019,0.0
693,303753864843,0.0
694,1143334880251,0.0
695,1330568469895,0.0
696,303869811506,0.0
697,1330013104788,0.0
698,1564006930077,0.0
699,1564008479894,0.0
700,1563346985867,0.0
701,1563933012763,0.0
702,1144022373811,0.0
703,1564058146889,0.0
704,490686330470,0.0
705,1330721639954,0.0
706,1143334354687,1.0
707,1144068136647,0.0
708,1563948442949,0.0
709,1330733353576,0.0
710,1330006672586,0.0
711,1564007399948,0.0
712,1330695486537,0.0
713,1564043185621,0.0
714,490353682478,0.0
715,724064506984,0.0
716,1144065706121,0.0
717,1424062526084,0.0
718,1564019582617,0.0
719,1330700913649,0.0
720,1144067837871,0.0
721,1563336582182,0.0
722,1564035955108,0.0
723,1143812700716,0.0
724,1330565002242,0.0
725,1330002180495,0.0
726,1144049852171,0.0
727,1564058534409,0.0
728,1330000805637,0.0
729,1144024809095,0.0
730,1564057758333,0.0
731,1563335635267,0.0
732,1563345543155,0.0
733,1563349738603,0.0
734,1564052140662,0.0
735,1144017380233,0.0
736,1563347982938,0.0
737,1563347025690,0.0
738,1144063773174,0.0
739,1563963150355,0.0
740,1563334793395,0.0
741,1564021893716,0.0
742,1330013517408,0.0
743,1144039599775,0.0
744,1563866947736,0.0
745,1563349156154,0.0
746,1143335731265,0.0
747,1563921699041,0.0
748,1563347814504,0.0
749,1563347030583,0.0
750,1563343058820,0.0
751,1563347045248,0.0
752,1330557067445,0.0
753,1564063423916,0.0
754,1144044845416,0.0
755,1330006405816,0.0
756,1330014366137,0.0
757,1563955939823,0.0
758,1563334494260,0.0
759,1564035896432,0.0
760,1564041776208,0.0
761,1563346166923,0.0
762,1563352124917,0.0
763,1564036188631,0.0
764,1330006627919,0.0
765,1330582384028,0.0
766,1143338816622,0.0
767,1144032791183,0.0
768,1563983686414,0.0
769,1563344945862,0.0
770,1144040430374,0.0
771,1564065203327,0.0
772,1563337372382,0.0
773,1330602025818,0.0
774,1144056332552,0.0
775,1563347050855,0.0
776,1563354660417,0.0
777,1330636071597,0.0
778,1330735508440,0.0
779,1563817163365,0.0
780,1563925594777,0.0
781,1330509986183,0.0
782,1144035825060,0.0
783,1563961336333,0.0
784,1563812687005,0.0
785,1564031495191,0.0
786,1564060458870,0.0
787,1564061358409,0.0
788,1563911700943,0.0
789,1563350972372,0.0
790,1564067638333,0.0
791,1330017365786,0.0
792,1563912580573,1.0
793,1563347929364,0.0
794,1330012464589,0.0
795,1563821989723,0.0
796,1563966283581,0.0
797,1564041545537,0.0
798,1563997966580,0.0
799,1563806620555,0.0
800,1330008795220,0.0
801,1564053558848,0.0
802,1330537721944,0.0
803,1143335749273,0.0
804,1564040368611,0.0
805,1143333545253,0.0
806,1563335473847,0.0
807,1563891002760,0.0
808,1563341650021,0.0
809,1330694899753,0.0
810,1564068014096,0.0
811,1563965461373,0.0
812,1563925659286,0.0
813,1563341110405,0.0
814,1563974973227,0.0
815,724023643427,0.0
816,1564033493339,0.0
817,1564028630157,0.0
818,1564065504649,0.0
819,1563919551586,0.0
820,1564022635301,0.0
821,1330571018921,0.0
822,1563348144645,0.0
823,1563346895093,0.0
824,1563929211915,0.0
825,1563349668246,0.0
826,1563349638162,0.0
827,1564048564514,0.0
828,1563935367292,0.0
829,1330022351518,0.0
830,1564064875863,0.0
831,724042579271,0.0
832,1563340004958,0.0
833,1330015972096,0.0
834,2053346778492,0.0
835,1564061416486,0.0
836,1564032456630,0.0
837,1330731612392,0.0
838,1143338545059,0.0
839,1563347063961,0.0
840,1563348776700,0.0
841,1564065016388,0.0
842,1563973839225,0.0
843,1564003926804,0.0
844,1563857984640,0.0
845,1330602554059,0.0
846,1564054722360,0.0
847,1563787605522,0.0
848,1564066190449,0.0
849,1563802452893,0.0
850,1563940864285,0.0
851,1563978395352,0.0
852,1563858971784,0.0
853,724069035664,0.0
854,1330726410853,0.0
855,1564059599652,0.0
856,1564019777854,0.0
857,1563840309406,0.0
858,584049603307,0.0
859,1564066279979,0.0
860,1563876081562,0.0
861,1564046145734,0.0
862,1564004126566,0.0
863,1564038543097,0.0
864,584060471794,0.0
865,1564011824524,0.0
866,1564050190696,0.0
867,1330631787972,0.0
868,1564039147377,0.0
869,1330701127228,0.0
870,1330714527116,0.0
871,1330679527510,0.0
872,1330661806751,0.0
873,1563349255342,0.0
874,1564067283538,0.0
875,1564046802173,0.0
876,1564037487735,0.0
877,1564062516198,0.0
878,1563346415507,0.0
879,1563747491047,0.0
880,1563360793862,0.0
881,1564052315394,0.0
882,1564047272477,0.0
883,1330680878842,0.0
884,1564037424072,0.0
885,1330722629154,0.0
886,1563857161132,0.0
887,1563927409744,0.0
888,1330729020495,0.0
889,1564042116765,0.0
890,1564065238960,0.0
891,1564013338724,0.0
892,584048409343,0.0
893,1330731318599,0.0
894,1564037133108,0.0
895,1563739033887,0.0
896,1564036118911,0.0
897,304065437302,0.0
898,1563996986526,0.0
899,1564054410391,0.0
900,1563347935706,0.0
901,1563350650285,0.0
902,1564040792288,0.0
903,1563877716601,0.0
904,1564014148151,0.0
905,1563348738889,0.0
906,1564037376857,0.0
907,1564060034142,0.0
908,1564041708506,0.0
909,1564044732838,0.0
910,724024628588,0.0
911,1564033387210,0.0
912,1563335556876,0.0
913,1564059328400,0.0
914,1563344893476,0.0
915,1330696401045,0.0
916,724044438838,0.0
917,1144028036414,0.0
918,1330681354412,0.0
919,1564061869052,0.0
920,1330689065351,0.0
921,1563354546114,0.0
922,1563947306469,0.0
923,303444649302,0.0
924,1564045180322,0.0
925,1564064855978,0.0
926,1564065454632,0.0
927,1564044960508,0.0
928,1564061080479,0.0
929,1563984095013,0.0
930,1563356971248,0.0
931,1564058529040,0.0
932,1563911549174,0.0
933,1563917659563,0.0
934,303571208448,0.0
935,1330698769628,0.0
936,1564066001855,0.0
937,1563762865403,0.0
938,1563981333096,0.0
939,1563346804068,0.0
940,1330729606929,0.0
941,1564046659896,0.0
942,1564046333747,0.0
943,1564067181740,0.0
944,1564064162787,0.0
945,1564061086966,0.0
946,1330592601499,0.0
947,1143333556647,0.0
948,1330721579681,0.0
949,1563983643905,0.0
950,1564066519101,0.0
951,1563998832349,0.0
952,303551334018,0.0
953,1563348326803,0.0
954,1564059575222,0.0
955,1564065602456,0.0
956,1564048562605,0.0
957,1563906318618,0.0
958,1330475174130,0.0
959,724055343925,0.0
960,1564040606195,0.0
961,1563345163433,0.0
962,1563348402723,0.0
963,1144031281043,0.0
964,1563347552984,0.0
965,584067504724,0.0
966,1563335471369,0.0
967,1564060807533,0.0
968,724066097575,0.0
969,2053367766172,0.0
970,724044723297,0.0
971,1330645866671,0.0
972,1564055086472,0.0
973,1143339088560,0.0
974,304001253819,0.0
975,1564055227287,0.0
976,1330626521289,0.0
977,1330687635995,0.0
978,303642678000,0.0
979,1330730275711,0.0
980,1330733210720,0.0
981,724041168552,0.0
982,304058238339,0.0
983,1143815497108,0.0
984,1563348707501,0.0
985,1564031184919,0.0
986,724068020953,0.0
987,1143337876219,0.0
988,1330708015933,0.0
989,1143338813535,0.0
990,1564038596015,0.0
991,2053367610746,0.0
992,1330563754468,0.0
993,1564065725408,0.0
994,1564064893400,0.0
995,1144049086693,0.0
996,1564066211220,0.0
997,1564067841597,0.0
998,1564049282439,1.0
999,1143334189956,0.0
1000,1563765781496,0.0
1001,1564048710718,0.0
1002,1143998036736,0.0
1003,1330706615821,0.0
1004,1330016646310,0.0
1005,723965894873,0.0
1006,1563999706336,0.0
1007,1144067636509,0.0
1008,1564063376253,0.0
1009,1564067438577,0.0
1010,1143905982499,0.0
1011,1330731915275,0.0
1012,1144057694563,0.0
1013,1563787322703,0.0
1014,1330728159425,0.0
1015,1330705997168,0.0
1016,1563347171787,0.0
1017,1330651492104,0.0
1018,1330679379677,0.0
1019,1563348194795,0.0
1020,1144067334559,0.0
1021,1330697672026,0.0
1022,1330587719258,0.0
1023,1330004367862,0.0
1024,1330568922407,0.0
1025,1564064461103,0.0
1026,1330716846048,0.0
1027,1330008666912,0.0
1028,1563350351061,0.0
1029,1330729565004,1.0
1030,724066217095,0.0
1031,1143336781437,0.0
1032,1563983906356,0.0
1033,1563346835474,0.0
1034,1330645720063,0.0
1035,1330000922992,0.0
1036,1563887783159,0.0
1037,1563347354335,0.0
1038,1563344592054,0.0
1039,1563960656869,0.0
1040,1563921038400,0.0
1041,1564063687386,0.0
1042,1563967160704,0.0
1043,1563360710713,1.0
1044,1563347064286,0.0
1045,1563347978024,0.0
1046,1563350303256,0.0
1047,1330621357940,0.0
1048,1330514455855,0.0
1049,1564066080164,0.0
1050,1564063618378,0.0
1051,1564016653227,0.0
1052,1330614161118,0.0
1053,1563955338591,0.0
1054,1564067219631,0.0
1055,1563871298306,0.0
1056,1330551231366,1.0
1057,1330715451536,0.0
1058,1563955785611,0.0
1059,1330023273511,0.0
1060,1563974714871,0.0
1061,1564063100609,0.0
1062,1563850905334,0.0
1063,1330462833905,0.0
1064,1563996704494,0.0
1065,1563929378923,0.0
1066,1563348905395,0.0
1067,1564057423940,0.0
1068,1330003825866,0.0
1069,1564058619764,0.0
1070,1330668032610,0.0
1071,1564059876099,0.0
1072,1330711683520,0.0
1073,1330592949289,0.0
1074,1564016934183,0.0
1075,1563347225720,0.0
1076,1563932175953,0.0
1077,1563356086028,0.0
1078,1564014363249,0.0
1079,1563898703378,0.0
1080,1563898844426,0.0
1081,1564029718246,0.0
1082,1564042031311,0.0
1083,1563347568785,0.0
1084,1563350695893,0.0
1085,1564050166266,0.0
1086,1563347812154,0.0
1087,1563852517138,0.0
1088,1330582771088,0.0
1089,1564066994693,0.0
1090,1564039923723,0.0
1091,1563347063765,0.0
1092,1563947032349,0.0
1093,1563345512316,0.0
1094,1330549342229,0.0
1095,1564038402959,0.0
1096,1563988779707,0.0
1097,304046675172,0.0
1098,1330013212166,0.0
1099,1563870944839,0.0
1100,1564062883992,0.0
1101,1564054449531,0.0
1102,1563346522511,0.0
1103,1330004075171,0.0
1104,1563888092914,0.0
1105,1564014075691,0.0
1106,1330702023312,0.0
1107,1330002408387,0.0
1108,1330412755893,0.0
1109,1563346790782,0.0
1110,1564064072277,0.0
1111,304056981372,0.0
1112,1330725684509,0.0
1113,1563962219619,0.0
1114,1563986922428,0.0
1115,1564054379806,0.0
1116,1563976466908,0.0
1117,1563345317690,0.0
1118,1563348348879,0.0
1119,1564064343968,0.0
1120,1564004157536,0.0
1121,304065844975,0.0
1122,1564023537531,0.0
1123,1563868991507,0.0
1124,1330725949928,0.0
1125,1563970183227,0.0
1126,1563875810662,0.0
1127,1330015792611,0.0
1128,1563335546271,0.0
1129,1563997693960,0.0
1130,1564062553888,0.0
1131,304065405576,0.0
1132,1330006611794,0.0
1133,1563857093831,0.0
1134,1563348573829,0.0
1135,1564055360900,0.0
1136,1563865292658,0.0
1137,1564067878844,0.0
1138,1330005352918,0.0
1139,1564049565243,0.0
1140,1563988781247,0.0
1141,303394845730,0.0
1142,1330663594213,0.0
1143,1564012558021,0.0
1144,1564064814522,0.0
1145,1563347765599,0.0
1146,1564020031394,0.0
1147,1564064899905,0.0
1148,1564044213361,0.0
1149,723347456132,0.0
1150,724044908601,0.0
1151,1563341601642,0.0
1152,1563800112823,0.0
1153,1564056376010,0.0
1154,1144067233764,0.0
1155,1330629119752,0.0
1156,1563869478280,1.0
1157,1144064278233,0.0
1158,1143993359558,0.0
1159,1563983209604,1.0
1160,1564029538085,0.0
1161,1563340938119,0.0
1162,1143337818707,0.0
1163,1143333637014,0.0
1164,1330734226833,0.0
1165,724067312633,0.0
1166,1143333617183,0.0
1167,1330734969249,0.0
1168,584008057626,0.0
1169,1144062510448,0.0
1170,1563987625501,0.0
1171,724053089734,0.0
1172,1564065314259,0.0
1173,1564064639071,0.0
1174,583689983557,0.0
1175,1563340314741,0.0
1176,1564068292549,0.0
1177,723493181609,0.0
1178,1564020879470,0.0
1179,1330017174180,0.0
1180,1143333637807,0.0
1181,1564055477306,0.0
1182,1564025095164,0.0
1183,1330014865095,0.0
1184,1563354877749,0.0
1185,1564048137568,0.0
1186,1563353237887,0.0
1187,1564001741236,0.0
1188,1143333613669,0.0
1189,723744331991,0.0
1190,584006955658,0.0
1191,1563931303888,0.0
1192,1330608766111,0.0
1193,1564067696853,0.0
1194,1564052333571,0.0
1195,1144037240763,0.0
1196,1423894161676,0.0
1197,1563338075763,0.0
1198,1330701222592,0.0
1199,1563814911596,0.0
1200,1563873322314,0.0
1201,1564032245500,0.0
1202,1564042807819,0.0
1203,1564046893322,0.0
1204,1143999941634,0.0
1205,1330700649730,0.0
1206,1330686745859,0.0
1207,1564044672008,0.0
1208,1143339069324,0.0
1209,1330681607628,0.0
1210,1143961414495,0.0
1211,1330673349959,0.0
1212,1330649819531,0.0
1213,1330672795561,0.0
1214,1423620080740,0.0
1215,1330701039483,0.0
1216,1330014611755,0.0
1217,1330536380341,0.0
1218,1143886510071,0.0
1219,1563981111837,0.0
1220,1564045323950,0.0
1221,1330723394119,0.0
1222,1330535830792,0.0
1223,1143333532280,0.0
1224,1330701059370,0.0
1225,1423829774199,0.0
1226,1330656742730,0.0
1227,1564024028632,0.0
1228,1330668211343,0.0
1229,1564064445591,0.0
1230,1564065853861,0.0
1231,1190730578296,0.0
1232,1564061902683,0.0
1233,1564066398409,0.0
1234,1564029444161,0.0
1235,1564041979913,0.0
1236,1564019178792,0.0
1237,1564025780445,0.0
1238,1330450520487,0.0
1239,1144062938223,0.0
1240,490700661017,1.0
1241,957385382139,0.0
1242,1330732393155,0.0
1243,1190733352741,0.0
1244,956710206195,0.0
1245,1564055460597,0.0
1246,1563345428761,0.0
1247,1564018178998,0.0
1248,1190129958217,0.0
1249,1564066984183,0.0
1250,1330700860057,0.0
1251,1330725328767,0.0
1252,1330732896850,0.0
1253,1330698727064,0.0
1254,1190729580719,0.0
1255,1563335919770,0.0
1256,1330617599824,0.0
1257,583336258547,0.0
1258,1330005151514,0.0
1259,1143335686171,0.0
1260,584067414956,0.0
1261,1143335693614,0.0
1262,724023331560,0.0
1263,584067864699,0.0
1264,1564066431977,0.0
1265,584058905171,0.0
1266,304025306461,0.0
1267,1564052162493,0.0
1268,1563959925035,0.0
1269,1330692820564,0.0
1270,1563345417848,0.0
1271,1564040919200,0.0
1272,1144045152859,0.0
1273,2053350206205,0.0
1274,1330720812913,0.0
1275,584068059915,0.0
1276,1563345335388,0.0
1277,1563937722417,0.0
1278,1564067688519,0.0
1279,1564067998332,0.0
1280,1564012230846,0.0
1281,1563349175698,0.0
1282,956772709211,0.0
1283,1564066326909,0.0
1284,1144067039994,0.0
1285,1330002132743,0.0
1286,1330704115157,0.0
1287,1563344985685,0.0
1288,1330479706278,0.0
1289,1563782865808,0.0
1290,1564064634276,0.0
1291,1564042918237,0.0
1292,1330728490212,0.0
1293,1330729741772,0.0
1294,1330718495810,0.0
1295,1563357057054,0.0
1296,1330016342265,0.0
1297,1330017110699,0.0
1298,1330725535071,0.0
1299,1330732785736,0.0
1300,1563856024607,0.0
1301,1330017346849,0.0
1302,1330721452424,0.0
1303,1143914111200,0.0
1304,1144052389456,0.0
1305,1563808916891,0.0
1306,1330733801793,0.0
1307,1330730984328,0.0
1308,1563995038001,0.0
1309,583336996449,0.0
1310,956756368486,0.0
1311,1563360736385,0.0
1312,1144047610430,0.0
1313,1563904192519,0.0
1314,1564052336667,0.0
1315,1563334755185,0.0
1316,1564041250095,0.0
1317,1330017201104,0.0
1318,1564045606596,0.0
1319,1564056295526,0.0
1320,1330691286031,0.0
1321,1330002930977,0.0
1322,1563344789764,0.0
1323,1330017115620,0.0
1324,1564048377922,0.0
1325,1564047805250,0.0
1326,1330017386212,0.0
1327,1564051186996,0.0
1328,1564063925739,0.0
1329,1564040044382,0.0
1330,1564054807613,0.0
1331,1564029018297,0.0
1332,1330000641687,0.0
1333,1564048980753,0.0
1334,1563344739369,0.0
1335,1563854845982,0.0
1336,1564062832686,0.0
1337,1563346367655,0.0
1338,1564054132711,0.0
1339,1564042141482,0.0
1340,1330031516935,0.0
1341,1564048538945,0.0
1342,1563339940589,0.0
1343,1564064503456,0.0
1344,1564048973190,0.0
1345,1564067641644,0.0
1346,1564064046848,0.0
1347,1563340483180,0.0
1348,1564039938008,0.0
1349,1563348844481,0.0
1350,1563780116157,0.0
1351,1564049583184,0.0
1352,1564065709584,0.0
1353,1563869978743,0.0
1354,1564057991988,0.0
1355,1330017117496,0.0
1356,1564067991847,0.0
1357,1330491998325,0.0
1358,1564063335172,0.0
1359,1563844547223,0.0
1360,1564045056161,0.0
1361,1563348862044,0.0
1362,1563955622684,0.0
1363,1564047031253,0.0
1364,1564060610392,0.0
1365,1564048697880,0.0
1366,1564025661034,0.0
1367,1563346824370,1.0
1368,1563344659744,0.0
1369,1564063392308,0.0
1370,1563979276951,0.0
1371,1330671140117,0.0
1372,1564065580121,0.0
1373,1564054119772,0.0
1374,1564037235345,0.0
1375,1143334627276,0.0
1376,1144057738950,0.0
1377,1564058460955,0.0
1378,1564025856423,0.0
1379,1564059505460,0.0
1380,1144050466384,0.0
1381,1563976420302,0.0
1382,1564057140270,0.0
1383,1563910036490,0.0
1384,1563346038485,0.0
1385,1564060055012,0.0
1386,1563343460441,0.0
1387,1564056747705,0.0
1388,1563741871764,0.0
1389,1564034562176,0.0
1390,1563345372785,0.0
1391,1564059570178,0.0
1392,1330691787247,0.0
1393,1143841460353,0.0
1394,1144025611687,0.0
1395,1564056809690,0.0
1396,1330011446600,0.0
1397,1564004107162,0.0
1398,1563790803164,0.0
1399,1564001304203,0.0
1400,1564063485901,0.0
1401,1330681950381,0.0
1402,1564059575745,0.0
1403,1144053585171,0.0
1404,1564024745448,0.0
1405,1563967799342,0.0
1406,1330501114490,0.0
1407,1563941029602,0.0
1408,1563875383501,0.0
1409,1564056834120,0.0
1410,1423366061681,0.0
1411,1563941743756,0.0
1412,1330687152638,0.0
1413,1330714659054,0.0
1414,1563858483334,0.0
1415,1330015221131,0.0
1416,1564060876077,0.0
1417,1330003894086,0.0
1418,1564067399773,0.0
1419,1423366947429,0.0
1420,1330700917480,0.0
1421,1564063897505,0.0
1422,1564035244874,0.0
1423,1423976363126,0.0
1424,1564063289009,0.0
1425,1564064956792,0.0
1426,1563888076011,1.0
1427,1564014660931,0.0
1428,1563337101932,0.0
1429,1563344900329,0.0
1430,1564048422797,0.0
1431,1563882167978,0.0
1432,304050965267,0.0
1433,1564066912786,0.0
1434,1563914307606,0.0
1435,1564035062445,0.0
1436,1564038267764,0.0
1437,1564055016715,0.0
1438,1563349224185,0.0
1439,1564068091558,0.0
1440,1423366735065,0.0
1441,1563963037805,0.0
1442,1564065409088,0.0
1443,1564053101300,1.0
1444,1563345161350,0.0
1445,1564064920408,0.0
1446,1563350318693,0.0
1447,1330566324266,0.0
1448,1564065665614,0.0
1449,1330733660057,0.0
1450,1143341269107,0.0
1451,1564067921332,0.0
1452,1564060616612,0.0
1453,1563931601299,0.0
1454,1563998374738,0.0
1455,1563353141252,0.0
1456,1564056861843,0.0
1457,1563852217666,0.0
1458,1143334750590,0.0
1459,1564026929614,0.0
1460,1563360507482,0.0
1461,1330719916673,0.0
1462,1564065458351,0.0
1463,1330728836157,0.0
1464,1330005147139,0.0
1465,957134365695,0.0
1466,1564066682479,0.0
1467,1564038110124,0.0
1468,1564034110667,0.0
1469,1564067767696,0.0
1470,957399550179,0.0
1471,723404762084,0.0
1472,1564022649970,0.0
1473,1564066683039,0.0
1474,1330718966973,0.0
1475,1330661526257,0.0
1476,956741032639,0.0
1477,1330667298030,0.0
1478,1330018118559,0.0
1479,1330663592752,0.0
1480,1143335950740,0.0
1481,1330655222327,0.0
1482,1330667751326,0.0
1483,1143336483321,0.0
1484,1564066679574,0.0
1485,1564046618978,0.0
1486,1143335952434,0.0
1487,1564018273386,0.0
1488,1564049953421,0.0
1489,1564063568690,0.0
1490,1143338330106,0.0
1491,1563953952304,0.0
1492,1564067500426,0.0
1493,1564040391942,0.0
1494,1143856208586,0.0
1495,1564032599355,0.0
1496,1564045784424,0.0
1497,304050531528,0.0
1498,1143341451961,0.0
1499,1330687247341,0.0
1500,1144065049757,0.0
1501,1564058637248,0.0
1502,1144025596399,0.0
1503,1564041807010,0.0
1504,1563345171203,0.0
1505,1564046715025,0.0
1506,1564035689262,0.0
1507,1564060626713,0.0
1508,1564066893344,0.0
1509,1144065232685,0.0
1510,1330003371785,0.0
1511,1330624583514,0.0
1512,1143341236310,0.0
1513,1144041420804,0.0
1514,1330666161491,0.0
1515,1563355625715,1.0
1516,1330710091531,0.0
1517,956909444962,0.0
1518,1330679422466,0.0
1519,1330707037398,0.0
1520,1564061956352,0.0
1521,1330011996131,0.0
1522,1330004059066,0.0
1523,957392958916,1.0
1524,1330664903715,0.0
1525,1330734800444,0.0
1526,1144029830731,0.0
1527,1330005856470,0.0
1528,1563347374355,0.0
1529,1564059590067,0.0
1530,1564022699022,0.0
1531,1564067975500,0.0
1532,1563877057176,0.0
1533,1564068076335,0.0
1534,1563992648229,0.0
1535,1563348930231,0.0
1536,1330016005371,0.0
1537,1330733718925,0.0
1538,1563884537149,0.0
1539,1330715571584,0.0
1540,1564028079684,0.0
1541,1564015513687,0.0
1542,1564042649990,0.0
1543,1564047647348,0.0
1544,1330016356757,0.0
1545,1563353539976,0.0
1546,1564068138817,0.0
1547,1564012819667,0.0
1548,1563923683945,0.0
1549,1563344739686,0.0
1550,1564045616627,0.0
1551,1563984499686,0.0
1552,1563344876629,0.0
1553,1563999749186,0.0
1554,1563998178505,0.0
1555,1563965235665,0.0
1556,1563346590523,0.0
1557,1330014201840,0.0
1558,1330615437715,0.0
1559,1563343414280,0.0
1560,1330004145544,0.0
1561,1563345048241,0.0
1562,1563986441588,0.0
1563,1564017334679,0.0
1564,1330006300385,0.0
1565,1564067557236,0.0
1566,1563346277826,0.0
1567,1564039329206,0.0
1568,1563342827321,0.0
1569,1330017462774,0.0
1570,1563924693531,0.0
1571,1330005373568,1.0
1572,1564052784247,0.0
1573,1563890971792,1.0
1574,1563980734502,0.0
1575,1564019761819,0.0
1576,1564025383627,0.0
1577,1144061764533,0.0
1578,724057435612,0.0
1579,1330732337155,0.0
1580,1564049007262,0.0
1581,303993509792,0.0
1582,1564063395136,0.0
1583,1564046024744,0.0
1584,1564022302047,0.0
1585,1330686665301,0.0
1586,1563997369734,0.0
1587,1563860666799,0.0
1588,1564068122453,0.0
1589,1563906160791,0.0
1590,1563338940305,0.0
1591,1563848315885,0.0
1592,1563969662976,0.0
1593,1564066375729,0.0
1594,1330013335091,0.0
1595,1563977581271,0.0
1596,1563348609204,0.0
1597,1563920769922,0.0
1598,1563918818392,0.0
1599,1563949936019,0.0
1600,1563876967300,0.0
1601,1564030424121,0.0
1602,1144060960207,0.0
1603,1563340128984,0.0
1604,1564013385692,0.0
1605,1564026988694,0.0
1606,1143918413918,0.0
1607,1563824995161,0.0
1608,1143949100226,0.0
1609,1564016081306,0.0
1610,1563984450982,0.0
1611,1564040736328,0.0
1612,1564029174757,0.0
1613,1563347722561,0.0
1614,1564067392169,0.0
1615,1563953749197,0.0
1616,1564066606979,0.0
1617,1564066875728,0.0
1618,1563346685968,0.0
1619,1564065612102,0.0
1620,1563966859347,0.0
1621,1563348824923,0.0
1622,1330649768632,0.0
1623,1330734636184,0.0
1624,1564005992523,0.0
1625,1563345013902,0.0
1626,1563344741270,0.0
1627,1564032544816,0.0
1628,1564028114663,0.0
1629,1330728721849,0.0
1630,1563958597194,0.0
1631,1563342666193,0.0
1632,1563344661027,0.0
1633,957392016091,0.0
1634,1330392017810,0.0
1635,1330726734579,0.0
1636,1143336741106,0.0
1637,1330599159381,0.0
1638,1330705118603,0.0
1639,1330710785877,0.0
1640,1564061177032,0.0
1641,1330723225731,0.0
1642,1143814911178,0.0
1643,1330726144199,0.0
1644,1330013302853,0.0
1645,1330533815755,0.0
1646,1330720762056,0.0
1647,1330724189666,0.0
1648,1330708167007,0.0
1649,1330708633265,0.0
1650,1330712443438,0.0
1651,1143333397292,0.0
1652,1330005616342,0.0
1653,1144064853614,0.0
1654,1144066139155,0.0
1655,1144050109414,0.0
1656,1143337153763,0.0
1657,1563797998408,0.0
1658,1563337646301,0.0
1659,1330731923381,0.0
1660,1564020610450,0.0
1661,1330730633530,0.0
1662,1563930363503,0.0
1663,1330411375671,0.0
1664,1330717109157,0.0
1665,1330018071144,0.0
1666,1330715340619,0.0
1667,1330692332078,0.0
1668,1330715913767,0.0
1669,1563360654599,0.0
1670,1144066468617,0.0
1671,1563345907949,0.0
1672,1330733842431,0.0
1673,1564039198019,0.0
1674,1143337047104,0.0
1675,303975614028,0.0
1676,1563344573933,0.0
1677,304066246976,0.0
1678,1330731160348,0.0
1679,1563337826089,0.0
1680,303991127757,0.0
1681,1563333580930,0.0
1682,1143663337114,0.0
1683,1330666747092,0.0
1684,1330004945511,0.0
1685,1564063328874,0.0
1686,1564050344892,0.0
1687,1143336044972,0.0
1688,1143337013016,0.0
1689,1330720079892,0.0
1690,1144041383361,0.0
1691,1564065243272,0.0
1692,1144027349999,0.0
1693,1330669758236,0.0
1694,1330674158881,0.0
1695,1330732741139,0.0
1696,1564027015875,0.0
1697,1330011157162,0.0
1698,1564024543384,0.0
1699,1563333989795,0.0
1700,1564067132698,0.0
1701,1564023628351,0.0
1702,1563337262559,0.0
1703,1564047976736,0.0
1704,1144058904594,0.0
1705,1564052033266,0.0
1706,1144065443073,0.0
1707,1143641780430,0.0
1708,1564067130698,0.0
1709,1563828773670,0.0
1710,1330011115904,0.0
1711,1564052013708,0.0
1712,1330716822309,0.0
1713,1563834105652,0.0
1714,1564049498386,0.0
1715,1564062988247,0.0
1716,1564007310625,0.0
1717,1563347362892,0.0
1718,1563935317112,0.0
1719,1563336451345,0.0
1720,1564054562315,0.0
1721,1143337082444,0.0
1722,1563334034866,0.0
1723,1330683478497,0.0
1724,1564053259916,0.0
1725,1564049174506,0.0
1726,1563976516307,0.0
1727,1564055737813,0.0
1728,1564054961653,0.0
1729,1144066831826,0.0
1730,1564049947933,0.0
1731,1563347991083,0.0
1732,1564050124651,0.0
1733,1563347182091,0.0
1734,1564050643145,0.0
1735,1330715297214,0.0
1736,1330462806647,0.0
1737,1330470258336,0.0
1738,1564052966508,0.0
1739,1564042287241,0.0
1740,1330571416477,0.0
1741,1190134841809,0.0
1742,1330679957324,0.0
1743,1563347917936,0.0
1744,1330663810660,0.0
1745,1563788313987,0.0
1746,1564041500912,0.0
1747,1563347043965,0.0
1748,1563352029194,0.0
1749,1563349198609,0.0
1750,1563348812312,0.0
1751,1190734482599,0.0
1752,1563346934284,0.0
1753,1564035545599,0.0
1754,1330004151347,0.0
1755,1563745871732,0.0
1756,1564021736729,0.0
1757,1563344904802,0.0
1758,1563360405504,0.0
1759,1330436899572,0.0
1760,1563338137606,1.0
1761,1564045742364,0.0
1762,1564048311317,0.0
1763,1564064304663,0.0
1764,1564050995789,0.0
1765,1190214201047,0.0
1766,1563337992876,0.0
1767,1563931737820,0.0
1768,1563348813964,0.0
1769,1564052977193,0.0
1770,1563347419083,0.0
1771,1330520249377,0.0
1772,1563350864952,0.0
1773,1563338647236,0.0
1774,1564044620184,0.0
1775,1564027597374,0.0
1776,1563999840337,0.0
1777,1563349060329,0.0
1778,1564040193013,0.0
1779,1563989047299,0.0
1780,1563839070094,0.0
1781,1564023251242,0.0
1782,1564065189330,0.0
1783,1564036870998,0.0
1784,1564041552850,0.0
1785,1564017127628,0.0
1786,1564054823359,0.0
1787,1564026290687,0.0
1788,1563912801812,0.0
1789,1563345375186,0.0
1790,1330428755740,0.0
1791,1564033700007,0.0
1792,304065858817,0.0
1793,1564062763428,0.0
1794,1330716314711,0.0
1795,1564018990734,0.0
1796,1564037467888,0.0
1797,1564065125396,0.0
1798,1564063867760,0.0
1799,1564061191469,0.0
1800,1564068262500,0.0
1801,1143337667595,0.0
1802,1330726286015,0.0
1803,304065344611,0.0
1804,1330675238561,0.0
1805,1330734416386,0.0
1806,1563982704141,0.0
1807,1330578356179,0.0
1808,1143337672171,0.0
1809,1564022989865,0.0
1810,1330701232501,0.0
1811,1330701879859,0.0
1812,1564047393689,0.0
1813,1330730279888,0.0
1814,1330728567987,0.0
1815,1143990016162,0.0
1816,583340834839,0.0
1817,723975605768,0.0
1818,1563998026504,0.0
1819,957343577773,0.0
1820,1563968587113,0.0
1821,1330723826712,0.0
1822,1564006754760,0.0
1823,583337124682,0.0
1824,1330710782352,0.0
1825,1330695174053,0.0
1826,1563334336690,0.0
1827,1330634309361,0.0
1828,1143336470378,0.0
1829,304065758355,0.0
1830,1330735200729,0.0
1831,1563340459961,0.0
1832,490144450065,0.0
1833,1330729281620,0.0
1834,583340830289,0.0
1835,1143337456081,0.0
1836,1564029350226,0.0
1837,1563935198413,0.0
1838,1330496656962,0.0
1839,1564067762401,0.0
1840,1563821617757,0.0
1841,1330022406111,0.0
1842,1563345206588,0.0
1843,1563346398420,0.0
1844,1563826075011,0.0
1845,1564066601262,0.0
1846,1563978439865,0.0
1847,1330689362531,0.0
1848,1563350701287,0.0
1849,1330007717133,0.0
1850,1330008498464,0.0
1851,1563347259266,0.0
1852,1563932909627,0.0
1853,1564039329171,0.0
1854,1330682675599,0.0
1855,1563346090698,0.0
1856,1563348256614,0.0
1857,1563337215993,0.0
1858,1563347842000,0.0
1859,1564040160942,0.0
1860,1563341254584,0.0
1861,1564037782547,0.0
1862,956778801239,0.0
1863,1563874478502,0.0
1864,1564056286228,0.0
1865,1143335015312,0.0
1866,1564049547305,0.0
1867,1563345797535,0.0
1868,1564063353134,0.0
1869,1330014436039,0.0
1870,1143335002618,0.0
1871,1563825512048,0.0
1872,1330575058962,0.0
1873,1330016376815,0.0
1874,1564019660963,0.0
1875,1564058110911,0.0
1876,1563899010415,0.0
1877,1563976687205,0.0
1878,1330582439676,0.0
1879,1563345030636,0.0
1880,1563711608351,0.0
1881,1563345049606,0.0
1882,1563946814941,0.0
1883,1330697349898,0.0
1884,1563961535339,0.0
1885,1330730158669,0.0
1886,1563926123981,0.0
1887,1330009437778,0.0
1888,1564046812997,0.0
1889,1564050046745,0.0
1890,583629639896,0.0
1891,1330678515926,0.0
1892,1563941720231,0.0
1893,1563350674916,0.0
1894,303400784918,0.0
1895,1330657147306,0.0
1896,1144061295990,0.0
1897,1143337819318,0.0
1898,1330711867401,0.0
1899,1564056550532,0.0
1900,1564033660506,0.0
1901,1330734467206,0.0
1902,1564040638827,0.0
1903,1564018119986,0.0
1904,1564059876178,0.0
1905,1330704938108,0.0
1906,1564054068070,0.0
1907,1330031416583,0.0
1908,1564062080492,0.0
1909,1564067869721,0.0
1910,1330000686550,0.0
1911,1564049859715,0.0
1912,1564050268547,0.0
1913,1330735464975,0.0
1914,1143974250762,0.0
1915,1564016991567,0.0
1916,1564058473716,0.0
1917,1563347721439,0.0
1918,1144065753961,0.0
1919,1564034264958,0.0
1920,1563817445472,0.0
1921,1330015578486,0.0
1922,1564038960262,0.0
1923,1564065861638,0.0
1924,1564065604728,0.0
1925,1564040759507,0.0
1926,1564003303622,0.0
1927,1564055952685,0.0
1928,1564067730446,0.0
1929,1564025461103,0.0
1930,1330564525031,0.0
1931,1563334859466,0.0
1932,1330685418631,0.0
1933,1563941207409,1.0
1934,1563348028228,0.0
1935,1564037456489,0.0
1936,1330622028824,1.0
1937,1563350283474,0.0
1938,1563347140201,0.0
1939,1564039038725,0.0
1940,1563346361444,0.0
1941,1563852373596,0.0
1942,1563344884126,0.0
1943,1330385186027,0.0
1944,1330017301060,0.0
1945,1564067164058,0.0
1946,1563872598876,0.0
1947,1330011219637,0.0
1948,1563344952250,1.0
1949,1563348483018,1.0
1950,1563348365135,1.0
1951,1563861788463,0.0
1952,1564063004550,0.0
1953,1563350367040,0.0
1954,1563996433839,0.0
1955,1564063610505,0.0
1956,1330568713560,0.0
1957,1563349771153,0.0
1958,1563333464940,0.0
1959,1563819562685,0.0
1960,1330618782448,0.0
1961,1563337339930,0.0
1962,1330509814517,0.0
1963,1563351960604,0.0
1964,1564027488020,0.0
1965,1564054830237,0.0
1966,1564018638842,0.0
1967,1563873356882,0.0
1968,1563353716061,0.0
1969,1330647777179,0.0
1970,1563345149657,0.0
1971,1564056137406,0.0
1972,1330713317346,0.0
1973,1564030027513,0.0
1974,1564015675194,0.0
1975,1330726964114,0.0
1976,1143940020328,0.0
1977,1564050550325,0.0
1978,1563350509872,0.0
1979,1564062972035,0.0
1980,1564051303633,0.0
1981,1330730002590,0.0
1982,1564049775010,1.0
1983,1144025071975,0.0
1984,1564059062323,0.0
1985,1330715782925,0.0
1986,1143337761897,0.0
1987,1564051367449,0.0
1988,1564060967903,0.0
1989,1564024985033,0.0
1990,1564058446307,0.0
1991,1143337788084,0.0
1992,583337069205,0.0
1993,1564054117500,0.0
1994,1564057242680,0.0
1995,1563347086658,0.0
1996,1564055920921,0.0
1997,1330016878918,0.0
1998,1563934929587,0.0
1999,1564056569782,0.0
2000,1564055952106,0.0
2001,1330515762816,0.0
2002,1564055951164,0.0
2003,1563849211978,0.0
2004,1563343529848,0.0
2005,1563349329768,0.0
2006,1330018634849,0.0
2007,1564055462370,0.0
2008,1330596352771,0.0
2009,1564025198421,0.0
2010,1330430170967,0.0
2011,1563832902928,0.0
2012,1564064685192,0.0
2013,1564064562130,0.0
2014,1564042343376,0.0
2015,1563343668581,0.0
2016,1564014252444,0.0
2017,1563871814920,0.0
2018,1564060539050,0.0
2019,1563757870201,0.0
2020,1564053169956,0.0
2021,1564055945790,0.0
2022,1564065529866,0.0
2023,1330003856822,0.0
2024,1564067081938,0.0
2025,1330713755303,0.0
2026,1564063298942,0.0
2027,1564050688846,0.0
2028,1330724785203,0.0
2029,1330509546648,0.0
2030,1563340614936,0.0
2031,1564047174200,0.0
2032,1564045574851,0.0
2033,1564059795328,0.0
2034,1564006429325,0.0
2035,1564007800831,0.0
2036,303429097897,0.0
2037,1563810467788,0.0
2038,1563344543651,0.0
2039,1563868616417,0.0
2040,1564043979838,0.0
2041,1563347189700,1.0
2042,1330402202602,0.0
2043,1330733661481,0.0
2044,1330734465536,0.0
2045,1330006893040,0.0
2046,1564041547499,0.0
2047,1143339072003,1.0
2048,1564064510057,0.0
2049,1330734622900,0.0
2050,1563346879789,0.0
2051,1144064923801,0.0
2052,1143337439682,1.0
2053,1330672338583,0.0
2054,1330000942344,0.0
2055,1143333664148,0.0
2056,303653457160,0.0
2057,1564024823048,0.0
2058,1330710996045,0.0
2059,1330707506923,0.0
2060,1330709200830,0.0
2061,1330701790852,0.0
2062,1564017505022,0.0
2063,1564048331435,0.0
2064,1564017009200,0.0
2065,1564049699335,0.0
2066,1564054109725,0.0
2067,1563947391419,0.0
2068,1564007305949,0.0
2069,1143337677475,0.0
2070,1564017257446,0.0
2071,1330714272629,0.0
2072,1144063549797,0.0
2073,1564015693331,0.0
2074,1564048543103,0.0
2075,1563929027192,0.0
2076,1564036858797,0.0
2077,1564068229003,0.0
2078,1563861655178,0.0
2079,1330670577210,0.0
2080,1563348623342,0.0
2081,1330018619169,0.0
2082,724064422802,0.0
2083,1143334768524,0.0
2084,1143335574306,0.0
2085,1144067747067,0.0
2086,1563343043364,0.0
2087,724066300197,0.0
2088,1330725979783,0.0
2089,1564067323926,0.0
2090,1330727638555,0.0
2091,1330006507564,0.0
2092,1564064663380,0.0
2093,1144067648138,0.0
2094,1190718483906,0.0
2095,1563813127867,0.0
2096,1330734302578,0.0
2097,1564053021951,0.0
2098,1564064304644,0.0
2099,1563346682023,0.0
2100,1563346970453,0.0
2101,1563988599469,0.0
2102,1564014008988,0.0
2103,1563353335152,0.0
2104,1563348035517,0.0
2105,1564034526908,0.0
2106,1563337829085,0.0
2107,1564009219535,0.0
2108,1563759621797,0.0
2109,1563900451085,0.0
2110,1563948718843,0.0
2111,1563990635314,0.0
2112,1564050321598,0.0
2113,1563349002392,0.0
2114,1564022146043,0.0
2115,1330005877214,0.0
2116,1330719766562,0.0
2117,1330716939990,0.0
2118,1564036046547,0.0
2119,1564036226496,0.0
2120,1564063753975,0.0
2121,1564028329934,0.0
2122,1330725758198,0.0
2123,1330691383415,0.0
2124,1330705145296,0.0
2125,1564064853493,0.0
2126,1563346948774,0.0
2127,1563885447730,0.0
2128,1564045448247,0.0
2129,1564066182903,0.0
2130,1563795335538,0.0
2131,1563821442621,0.0
2132,1563347094213,0.0
2133,1563349714131,0.0
2134,1564058394812,0.0
2135,1564017493607,0.0
2136,1563913600398,0.0
2137,1563344860273,0.0
2138,1563348747506,0.0
2139,1563345043894,0.0
2140,1564035097097,1.0
2141,1563349686812,0.0
2142,1563346835528,0.0
2143,1564041227354,0.0
2144,1563345544194,0.0
2145,1564038026770,0.0
2146,1564054299320,0.0
2147,1563780736623,0.0
2148,1563335933175,0.0
2149,1563980281936,0.0
2150,1563990951838,0.0
2151,1563999824207,0.0
2152,1330730902435,0.0
2153,1564065209100,0.0
2154,1563349521227,0.0
2155,1330723516245,0.0
2156,1564050287501,0.0
2157,1330711168684,0.0
2158,1563988364059,0.0
2159,1563973405717,0.0
2160,1330708330711,0.0
2161,1330733675742,0.0
2162,1563931600298,0.0
2163,1330734559298,0.0
2164,1330545380213,0.0
2165,1330722583453,0.0
2166,1330624565106,0.0
2167,1330524811182,0.0
2168,1330727073069,0.0
2169,1330695103593,0.0
2170,1330011947177,0.0
2171,1330705892852,0.0
2172,1563901578906,0.0
2173,1563341649508,0.0
2174,1330670855831,0.0
2175,1330727634611,0.0
2176,1330020367974,0.0
2177,1563980300859,0.0
2178,1563820766155,0.0
2179,1564061833189,0.0
2180,1330008127751,0.0
2181,1143334404930,0.0
2182,1144064418742,0.0
2183,1330734154857,0.0
2184,1330591176289,0.0
2185,1564045409322,0.0
2186,1143338853703,0.0
2187,1330676349727,0.0
2188,1143333381705,0.0
2189,1564052662802,0.0
2190,1144055473696,0.0
2191,1564035767840,0.0
2192,724013918905,0.0
2193,1563347432159,0.0
2194,1564052574189,1.0
2195,1563345585302,0.0
2196,1563999123969,0.0
2197,1564067391280,0.0
2198,1330006755637,0.0
2199,1330699497295,0.0
2200,1330717828913,0.0
2201,1564007678226,0.0
2202,1563965838407,0.0
2203,1564015433682,0.0
2204,1563885279448,0.0
2205,1563922007431,0.0
2206,1563829774556,0.0
2207,1564067422024,0.0
2208,1564023041207,0.0
2209,1563934826197,0.0
2210,1424065199179,0.0
2211,1143336792658,0.0
2212,1424027968988,0.0
2213,1330662962505,0.0
2214,1330662388549,0.0
2215,1563840563357,0.0
2216,1330638522780,0.0
2217,1423363143153,0.0
2218,1330006187708,0.0
2219,1330396683949,0.0
2220,1423767964185,0.0
2221,1330012536066,0.0
2222,1563818284980,0.0
2223,1330665179832,0.0
2224,1330473421407,0.0
2225,1564059984764,0.0
2226,1330011440618,0.0
2227,1563348280022,0.0
2228,1563873428628,0.0
2229,1563346424969,0.0
2230,1563765419904,0.0
2231,1423492013085,0.0
2232,1330724530872,0.0
2233,1330710493954,0.0
2234,1564063980199,0.0
2235,1564061396828,0.0
2236,1564000972795,0.0
2237,1330734489287,0.0
2238,1563346614365,0.0
2239,1143968465964,0.0
2240,1330631958453,0.0
2241,1330003186537,0.0
2242,1564012126376,0.0
2243,1330011253027,0.0
2244,1564052150117,0.0
2245,1563984087988,0.0
2246,1564045880021,0.0
2247,1563347688109,0.0
2248,1564009879539,0.0
2249,1564067342637,0.0
2250,1563998304708,0.0
2251,584060115916,0.0
2252,1564032072404,0.0
2253,1144058416106,0.0
2254,1144038893477,0.0
2255,1143688498288,0.0
2256,1143932386858,0.0
2257,724041888367,0.0
2258,1564040163252,0.0
2259,1563350042697,0.0
2260,1563957310505,0.0
2261,1330014745525,0.0
2262,1330722123668,0.0
2263,1143856729759,0.0
2264,1330008392682,0.0
2265,1330707166413,0.0
2266,1330679178549,0.0
2267,1564053323035,0.0
2268,1330730863798,0.0
2269,1330711086985,0.0
2270,1330657706273,0.0
2271,1330004892904,0.0
2272,1563980265071,0.0
2273,1564042999355,0.0
2274,1564067192520,0.0
2275,1564040721621,0.0
2276,1564066504893,0.0
2277,1564026654778,0.0
2278,1564038018972,0.0
2279,1330010866648,0.0
2280,1564054267484,1.0
2281,1564037990585,0.0
2282,1564060577415,0.0
2283,1330005481235,0.0
2284,1563880845573,0.0
2285,1330714385800,0.0
2286,1563987523009,0.0
2287,1564050183360,0.0
2288,1564007784619,0.0
2289,1564058859335,0.0
2290,1330442245605,0.0
2291,1330734339081,0.0
2292,1330409331066,0.0
2293,1563966429820,0.0
2294,1564061389114,0.0
2295,1564058513740,0.0
2296,1330734371341,0.0
2297,1564068698220,0.0
2298,1564067491263,0.0
2299,1330719227233,0.0
2300,1564056223874,0.0
2301,1564045708061,0.0
2302,1564055727189,0.0
2303,1564010540178,0.0
2304,1564038039225,0.0
2305,1330708030990,0.0
2306,1330722127749,0.0
2307,1330735476618,0.0
2308,1143336858416,0.0
2309,724064943144,0.0
2310,724057587803,0.0
2311,1564042275497,0.0
2312,1564054689675,0.0
2313,1144022686433,0.0
2314,1563943487619,0.0
2315,1143338829871,0.0
2316,1564054260129,0.0
2317,1564060067775,0.0
2318,1563346532713,0.0
2319,1330016114961,0.0
2320,1563345300500,0.0
2321,1143336982937,0.0
2322,1564068255416,0.0
2323,1330701449795,0.0
2324,1564067930107,0.0
2325,1564062099261,1.0
2326,1563347082066,0.0
2327,1564046280556,0.0
2328,1330440792230,0.0
2329,1563927223425,0.0
2330,1564049279632,0.0
2331,1564064111082,0.0
2332,1330732528192,0.0
2333,1330721093235,0.0
2334,1330728262063,0.0
2335,1330725105621,0.0
2336,1330604113771,0.0
2337,1143755545478,0.0
2338,1143735862740,0.0
2339,1564045666619,0.0
2340,1143335941269,0.0
2341,1144007067658,0.0
2342,1144068640442,0.0
2343,1330716246085,0.0
2344,1144054178418,0.0
2345,1564066292817,0.0
2346,1143335938234,0.0
2347,304041781108,0.0
2348,1563958582391,0.0
2349,1330683807175,0.0
2350,1330695233126,0.0
2351,1564056198989,0.0
2352,1563336439807,0.0
2353,1564013964618,0.0
2354,1564068038661,0.0
2355,1563976224050,0.0
2356,1330007324403,0.0
2357,1564061600553,0.0
2358,1330629890503,0.0
2359,1564039295536,0.0
2360,1330734176566,0.0
2361,1564059111974,0.0
2362,1564068331683,0.0
2363,1330006601814,0.0
2364,1330720212159,0.0
2365,1564062716827,0.0
2366,1564066932962,0.0
2367,1330710668336,0.0
2368,1564063809702,0.0
2369,1330724372873,0.0
2370,1563897185802,0.0
2371,1564003929212,0.0
2372,1330025500423,0.0
2373,1143339170747,0.0
2374,1564032439405,0.0
2375,1144067841989,0.0
2376,1144055375400,0.0
2377,1564057866242,0.0
2378,1144033931476,0.0
2379,1330725520072,0.0
2380,1330594883303,0.0
2381,1143941099639,0.0
2382,1144062135769,0.0
2383,1564010948082,0.0
2384,1564046538334,0.0
2385,1563886679231,0.0
2386,1563350651968,0.0
2387,303424106412,0.0
2388,1564037975530,0.0
2389,1563346888289,0.0
2390,1330722884423,0.0
2391,1563349469248,0.0
2392,1564065679535,0.0
2393,1563932386503,0.0
2394,1563911092179,0.0
2395,1143869286189,0.0
2396,1564062197807,0.0
2397,304066940725,0.0
2398,1330013753007,0.0
2399,1564021123326,0.0
2400,1330732034296,0.0
2401,1563829641556,0.0
2402,1563814160365,0.0
2403,1563337954479,0.0
2404,1330004553812,0.0
2405,1564048567937,0.0
2406,1330734825408,1.0
2407,1563346440126,0.0
2408,1564056351354,0.0
2409,1330004700677,0.0
2410,1564021761932,0.0
2411,1563350909325,0.0
2412,1563345277669,0.0
2413,1563346798766,0.0
2414,1564018017305,0.0
2415,1563345093195,0.0
2416,1563940333503,0.0
2417,1563994184837,0.0
2418,1330631780277,0.0
2419,1330718161787,0.0
2420,1564030328889,0.0
2421,1330722579295,0.0
2422,1330657718861,0.0
2423,1564035931217,0.0
2424,1330734237515,0.0
2425,303679191482,0.0
2426,1564029062108,0.0
2427,1563968016615,0.0
2428,1330693580055,0.0
2429,1330725885157,0.0
2430,1330564635934,0.0
2431,1330402784508,0.0
2432,1144068147621,0.0
2433,1330720814549,0.0
2434,1563344725663,0.0
2435,1564045163233,0.0
2436,1330006887512,0.0
2437,1563806771212,0.0
2438,1563340729500,0.0
2439,1563885613168,0.0
2440,1563346314453,0.0
2441,1330715517931,0.0
2442,1563884805553,0.0
2443,1330729732668,0.0
2444,1563335919336,0.0
2445,1563345351803,0.0
2446,1330002444659,0.0
2447,1564068286449,0.0
2448,1330011027230,0.0
2449,1330015011971,0.0
2450,1330682128267,0.0
2451,1330577356371,0.0
2452,1330013655565,0.0
2453,724039162550,0.0
2454,1563977040021,0.0
2455,1330662330160,0.0
2456,1564007909191,0.0
2457,1564001722507,0.0
2458,1564046748483,0.0
2459,1563840170018,0.0
2460,1564014489317,0.0
2461,1563884952177,0.0
2462,1563998366016,0.0
2463,1564049791873,0.0
2464,1564043830073,0.0
2465,1563968637009,0.0
2466,1564019406091,0.0
2467,584061027447,0.0
2468,1330732148909,0.0
2469,1564011084955,0.0
2470,1330733141325,0.0
2471,1330731762332,0.0
2472,1144034315515,0.0
2473,1144048946091,0.0
2474,1143963237356,0.0
2475,724063636536,0.0
2476,1564061205485,0.0
2477,1330727910638,0.0
2478,1330713566093,0.0
2479,1330596513815,0.0
2480,1330014693921,0.0
2481,1330728390016,0.0
2482,1330017490844,0.0
2483,1563349046172,0.0
2484,1330562387662,0.0
2485,1330014440237,0.0
2486,1330624799767,0.0
2487,1563341943340,0.0
2488,1564037369731,0.0
2489,1563355117177,0.0
2490,1330713227911,0.0
2491,1144032669945,0.0
2492,1144010801658,0.0
2493,1143817924517,0.0
2494,1564045166541,0.0
2495,1330709690263,0.0
2496,1563919869619,0.0
2497,1190734905101,0.0
2498,1330685312231,0.0
2499,1563345333594,0.0
2500,1563350363736,0.0
2501,1563348710592,0.0
2502,1563951069902,0.0
2503,1564029039762,0.0
2504,1564043969364,1.0
2505,1190735328020,0.0
2506,1564019703199,0.0
2507,1563350649378,0.0
2508,1190131719147,0.0
2509,1190734041949,0.0
2510,1564012885057,0.0
2511,1563802334796,0.0
2512,1563346363849,0.0
2513,1563360549902,0.0
2514,1563911867028,0.0
2515,1563764390890,0.0
2516,1563998008024,0.0
2517,1564058486365,0.0
2518,1564014018788,0.0
2519,1563345360665,0.0
2520,1563893080997,0.0
2521,1563345517129,0.0
2522,1564018588202,0.0
2523,1563349627767,0.0
2524,1563350834537,0.0
2525,1330722926507,0.0
2526,1330726784263,0.0
2527,1563340667786,0.0
2528,1564055219916,0.0
2529,1564068824924,0.0
2530,1330735330649,0.0
2531,1564065871090,0.0
2532,1330656564038,0.0
2533,1563346928661,0.0
2534,1564060352633,0.0
2535,1330734663500,0.0
2536,1564021096631,0.0
2537,1564025370532,0.0
2538,1563346932000,0.0
2539,1564044826953,0.0
2540,1564065152507,0.0
2541,1563878462484,0.0
2542,1564064173084,0.0
2543,1564067330105,0.0
2544,1564065903855,0.0
2545,1330003111614,0.0
2546,1564049222458,0.0
2547,1330714175534,0.0
2548,1330729535702,0.0
2549,1144026656306,0.0
2550,1563349350325,0.0
2551,1564004786990,0.0
2552,1563893149443,0.0
2553,1563869826666,0.0
2554,1563340239498,0.0
2555,1330595984501,0.0
2556,1330573962963,0.0
2557,1330591051106,0.0
2558,1563874683091,0.0
2559,1563347735530,0.0
2560,1564025444662,0.0
2561,1330733060265,0.0
2562,1190734931859,0.0
2563,1330010939667,0.0
2564,1564042379179,0.0
2565,1144032171716,0.0
2566,1143758516254,1.0
2567,1563846593785,0.0
2568,1330646804015,0.0
2569,1563348619261,0.0
2570,584057391540,0.0
2571,1143335371402,0.0
2572,1330005824567,0.0
2573,1564012268770,0.0
2574,1564058897601,0.0
2575,1330707922364,0.0
2576,1330013359964,0.0
2577,1563353816910,0.0
2578,1330720552035,0.0
2579,1330715660803,0.0
2580,1330685506738,0.0
2581,1330004662592,0.0
2582,1563348187396,0.0
2583,1330017759382,0.0
2584,1564023909940,1.0
2585,1143725541471,0.0
2586,1564066621590,0.0
2587,1330716878486,0.0
2588,1564059247487,0.0
2589,1143336640464,0.0
2590,1330733577821,0.0
2591,1564047736939,0.0
2592,1330715479660,0.0
2593,1563949297808,0.0
2594,1330015102010,0.0
2595,1330538925226,0.0
2596,1563348413715,0.0
2597,1330525860524,0.0
2598,1564068659570,0.0
2599,1564064789354,0.0
2600,1564055231564,0.0
2601,1564001098020,0.0
