Customer,service_repair
1563344546638,1
1564011913587,1
1564034361495,0
1563915867124,1
1564063266929,1
1563796623228,0
1563869634511,0
1564056361919,1
1563348250935,0
1563855624744,0
1564038840469,1
1564058432391,0
1564053731177,1
1563862609145,1
1563988200901,0
1330594664966,0
1563988448456,0
1563930717493,1
1330643810909,1
1564052122857,0
1564043767881,1
1563914796805,0
1330015515385,1
1330726737487,1
1564042832536,0
1564023793360,1
1564062862138,1
1563873425489,0
1330020356735,0
1563805537478,1
1330012107886,1
1564052013071,1
1563337687842,0
1564054084413,0
1563991380399,1
1563360472767,1
1564028645407,1
1330711002901,0
1563350266979,0
1563828514124,0
1564010399809,0
1564049737376,0
1563967977100,1
1563347915304,1
1563933346140,0
1564048369895,1
1564018213977,1
1563337532579,0
1563873361717,0
1563335186051,1
1563719479952,0
1563348541139,0
1564004586197,1
1563964033202,1
1563345870520,0
1330706437223,1
1563754613871,1
1564042053987,0
1330645516018,1
1563965820771,1
1563347732496,1
1330591302257,1
1563940365092,1
1564056466079,1
1330471034748,1
1564030686675,0
1563346818432,1
1563345131161,1
1563347248831,1
1563956489720,0
1563837124434,1
1563988416036,1
1563348708971,1
1564004308148,0
1563855527649,0
1564037094071,0
1563978082405,1
1563345511536,1
1563815269835,1
1563338351264,1
1563977818680,1
1563804341747,1
1563835527093,1
1563957233216,0
1564046409954,1
1564067680665,0
1563347627261,1
1564059158036,0
1563964020497,1
1563930127214,1
1564029049557,0
1564052990570,1
1564029543111,0
1563976433950,1
1330707004944,1
1563347189049,1
1563988402925,1
1564018221334,1
1563964791319,1
1563858276355,1
1330031453058,0
1563346406701,1
1564027024786,0
724053418902,0
1563870019469,1
1563346242887,1
1563996200375,1
1563348109593,1
1564032733988,1
1564049988935,1
1563349609117,0
1563954983565,1
1564038635632,0
1563349055401,1
1563348199128,1
1563344673461,1
1564032858245,1
1330723047416,0
1144067182694,0
1564029950588,1
1563994205687,1
1563349839104,0
1330002321886,0
1330000548282,1
1563954689444,1
1330676909704,0
1563347774513,1
1564025833171,1
1563848329437,1
1330727671436,0
724065755863,0
1564017384867,0
1564045546266,1
1564051112577,1
1330677248217,0
1564040719924,1
1564046792975,1
1563348503042,1
1564026926322,0
1563348448116,0
2053373999574,0
1563339785023,1
1330725106473,1
1564024041743,1
1564044810510,1
1330532543757,0
1564017719250,1
1563347477120,1
1564065692392,1
1563988439409,1
1564058948846,0
1563983335810,1
1563355491142,1
1564026846529,1
1563798521506,0
1563346388256,0
1564059125776,1
1563341619578,0
1330721761824,1
1144039506276,0
2053373903497,0
1563950469111,0
1143334595804,0
1563848534777,1
724059332236,0
1564027837789,1
1144058377259,0
1564043685582,0
1564060463338,0
1564049843792,1
1564067659837,0
1330016713146,0
1563715627539,1
1564041712781,0
1564047931763,0
1564057854478,0
1563348062537,0
1564036470159,0
1564039124239,0
1564050432049,0
1564025215417,0
1143336098272,0
1330729750686,0
1563826288437,1
1564056191037,0
1564067476850,0
1564066659901,0
1564067261710,0
1564066574368,0
1564062385284,0
1564059738017,0
1564056695208,0
1330006854913,0
1564002194827,0
1563337031309,1
1564049141953,0
1563350984041,1
1563336622124,0
1564056153156,0
1564048609998,0
1330001155739,1
1564017733404,0
1564066886645,0
1143655068166,0
1563344744619,1
1564039831001,0
1564039384205,0
1563349456050,0
1330732034389,0
1564067963969,0
1564033033710,0
1330004445051,0
1563341714776,0
1143337287194,0
1330729997739,0
1563345379015,0
1563348748913,0
1564068492823,0
1564066943432,0
1330731118784,0
1564044343985,0
1330533917955,0
1143336095797,0
1143336093701,0
1330681210443,0
1330518072755,1
1564044703806,0
1564045986920,0
1330727163273,0
1563999906693,0
1564068046149,0
1330002872275,0
1143336226858,0
1143335772541,0
1564059863954,0
1144054255031,0
1564053936725,0
1563345496659,1
1563990310411,0
1564067980428,0
1564059895316,0
1564065562105,0
1330703150361,0
1564007576275,1
1563740287867,0
1564052768462,0
1564059758690,0
1330712391943,0
1563928745659,0
1330013267986,0
1564059610239,0
1564039841200,0
1564053612940,0
1563980710880,0
1330733582577,0
1564055775081,0
1143337161066,0
1563333767998,1
1330673695379,0
1330733854438,0
1330002793186,0
1330013575006,1
1330709378238,0
304067483517,0
1564022376637,1
1143886477325,0
304064410738,0
1564055643623,0
724063703624,0
1330590838488,1
1330731623963,0
1144066573162,0
1564039442301,0
1330706868253,0
1564064685234,0
1564003618249,0
1564040183330,0
1564067726407,0
2053346645221,0
1144033358134,0
1564054961520,0
1330018086152,1
1330664429719,1
1144057245534,0
304027295679,0
724044263224,0
1564037235849,0
1564064498836,0
1564052046085,0
1330723956781,0
1564017775215,0
723952429092,0
1564062319752,0
1330660011865,0
1563760723938,0
1330727274272,0
1330722795511,0
1143336288511,0
1330701106324,0
1564066107361,0
304044557481,0
1564067499659,0
1330015793638,0
1330709539651,0
1564022829943,0
1564054488703,0
1330668933531,0
1564049340056,0
1564032026204,0
1563349655625,0
1330669069489,1
583339789421,0
1330731725199,0
1564039909189,0
1564064061977,0
304026586836,0
1564065249315,0
1564006317559,0
1564034232212,0
1143337239023,0
1563354603699,1
1564029877190,0
1564049887435,0
584056672630,0
1564060631007,0
303395984045,0
1563345217798,0
1564066677954,0
1564049003661,0
1330713069907,0
1564042402703,0
1564055580677,0
1563947260444,0
1330709794831,0
304031716671,0
1564057652532,0
1144050704696,0
1564067940486,0
1564061881356,0
1330545294089,0
1564040162230,0
1564059650223,0
1564035170418,0
1564044780575,0
1564061669165,0
1564049264789,0
1564064869430,0
1564048976462,0
1564050023396,0
1564056705047,0
1564067769600,0
1564041637743,0
1564065527731,0
1144057300689,0
1143335869496,0
303412720240,0
1144048997429,0
1143334367366,0
1564048950783,0
1144048782774,0
1564064046190,0
1564067245176,0
1330675869089,0
1330001590787,0
723501640869,0
1564050897224,0
1564049353629,0
1564065056775,0
1563947501832,0
1330720685149,0
1564061726409,0
1564042723541,0
1563816906512,0
1330706361588,0
1564058374022,0
1143334638450,0
1330734339524,0
1563915790469,0
1564059155360,0
723983785263,0
1564022974966,0
1144050370901,0
1564033700602,0
1564024186391,0
724035584629,0
1143336419943,0
1564068353915,1
1564061005556,0
1330731813882,0
1330011051215,0
1330495757236,1
1330000980291,1
1564034070085,1
1563990576967,0
1563345035105,0
1330014162386,0
1330018672101,1
1564021148412,0
1564016183930,0
1143842181384,0
1330005825488,1
1330616512213,1
1564036868153,0
1564006566014,0
1563348834677,0
1563777004510,1
1330733567384,1
1564045610773,0
1330006257181,0
1563336592563,0
1330016461911,0
1190734603718,0
1143333642161,0
1330695197134,0
1563334242607,0
583340664106,0
1330695814805,0
1330726453119,0
1424049340914,0
1144067863010,0
1330733060185,0
1330547144420,0
1144067851115,0
1564053046299,1
1563339079449,1
1330703138713,0
1330723462903,0
1144068223218,0
957346052091,0
1190708395655,0
1564064536374,0
1563349803386,0
1564045607789,1
1330009442696,1
1563903617208,1
1330016313810,1
1563341422057,1
1564038090647,0
1564010019096,0
1330715425165,0
1564068209004,0
1563353214537,1
1564061482650,1
1563801533784,1
1564067164538,0
1563986347091,0
1563906113417,0
1330729904319,1
1564063865779,1
1330010988250,1
1330703291717,0
1564029067617,1
1563937367332,0
1330004653483,0
1564060492948,1
1563896996825,0
1563983579764,1
1563348608516,0
1563819921521,0
1330588101448,1
1330031514903,1
1564025871725,1
1330017496854,1
1563983669738,1
1330011356146,0
1563872528038,1
1563883774133,1
1563348598105,1
1330522630257,1
1563350286843,0
1330700503678,0
1564044014330,0
1330700918519,0
1563938905750,1
1564039933717,0
1330696492181,0
1330593475565,1
1564039620367,0
1330712794231,1
1330011137665,0
1563344829559,1
1563937208885,1
1563341289825,0
1564067337186,1
1330700337439,0
1563789856064,1
1564021180309,1
1563347727613,1
1330004274519,0
1564029034983,1
1564058374466,1
1563346512427,0
1330717345451,1
1330705411889,1
1564062113684,1
1563945764700,1
1563350353520,1
1564066084802,1
1563965126791,1
1330667206127,1
1563935420173,0
1330735091947,1
1330011314345,1
1563972855321,1
1563344928443,0
1330706952164,1
1563348183681,1
1564029401620,1
1330613853079,1
1563846908691,1
1330476665238,1
1563980763303,1
1330734268047,1
1563996485347,1
1330701140764,0
1563983385766,1
1563345485933,0
1330529007684,0
724034589744,0
1563987399499,1
1330685495729,1
1563346398373,1
1330660276899,1
1563901447236,1
1564005113857,1
1330014447617,1
1330009318330,1
1330690698404,1
2053344549438,0
1330480372886,1
1330715910612,1
1330708207430,0
724064747242,0
1330006131174,0
1330569352718,1
1564058539187,1
1330504361603,1
1330528758953,1
1564016800801,1
1330000595597,0
1330708510679,1
1330002627097,0
1330013166164,1
1563344802152,0
1563984354118,1
724059003311,0
1563334318186,1
1330003398488,1
1330707149263,1
1564067237721,0
1330734062998,1
1143337743884,0
1563992678355,0
1330724105643,0
1330729258849,1
1144057402595,0
1330015835689,1
1330680580352,0
1330013335231,1
1563738796650,1
1330527677819,1
1564063393328,0
1330734694972,0
1143787034672,0
1564061605481,0
1144041921052,0
1564063152838,0
1563778208638,1
1563855982161,1
1564038700077,1
1330013104812,1
1564041850324,1
1563337677890,1
1330719650467,1
1330625903348,0
1330434786979,1
1564068656063,0
1330012355669,1
1143337757914,0
1563748117117,1
1330015865668,1
1564062739612,0
1564039997125,1
1330000406560,0
1330682623571,0
1563932081758,1
1330713820349,0
1330733936193,1
1330612003863,1
1564044017393,0
1564033699046,0
1564032933071,0
1564061544577,0
1330680469472,0
1564060521860,0
1564043576302,0
1563999151379,0
1564038636288,0
1563985760057,1
1564022880081,1
1564027159783,0
1563819365196,0
1564046444968,0
1564055462274,0
1564025130103,0
1564067266773,0
1563997527817,1
1564067616027,0
1564028292260,0
1564033948642,0
1564023070369,1
1564044258382,0
1563342231507,0
1563841500118,1
1564059694960,0
1330017504918,1
1564044389688,0
1330006564709,0
1564044227988,0
1564021137807,0
1564063858291,0
1563348210890,0
1564066587440,1
1564044265427,0
1564033233063,0
1330004267911,0
1563958948988,1
1330011003638,1
1564022756982,0
1564042911727,0
1330733901389,0
1564016403401,0
1564018135887,0
1563813962284,0
1564013182379,0
1564057458047,0
1564043093377,0
1563976701758,0
1563990906025,0
1564068364061,0
1564061442685,0
1564049992479,0
1564066670021,0
1564054198872,0
1564053385776,0
1564047775418,0
1563992081934,0
1330005056895,0
1144033759248,0
1564051521529,0
1564063812360,0
1564050898977,0
304060820147,0
1144043435084,0
1143335550725,0
1330385593835,0
1143336524533,0
1564041961841,0
724047901936,0
724041531971,0
1564045389687,0
1144067289456,0
1563346113863,0
1144060469101,0
1564037065005,0
1563991554524,0
1144010341310,0
1190140684567,0
1143334678509,0
1564065756110,0
1143995430855,0
1563973955495,0
1143975848976,0
1563816183615,0
1424064617868,0
1563348655024,0
1330726714905,0
1564047046307,0
1564049009840,0
2053347949188,0
1330730980609,0
1330692309975,1
1330732749084,1
1330730532814,0
1330712779505,0
1143836055819,0
1330648607012,1
1423347699053,0
1330031354043,1
1144049615450,0
1564051452166,0
1564027875018,0
1564068497019,0
303753864843,0
1143334880251,0
1330568469895,0
303869811506,0
1330013104788,1
1564006930077,0
1564008479894,0
1563346985867,0
1563933012763,1
1144022373811,0
1564058146889,0
490686330470,0
1330721639954,0
1143334354687,0
1144068136647,0
1563948442949,1
1330733353576,0
1330006672586,0
1564007399948,0
1330695486537,0
1564043185621,0
490353682478,0
724064506984,0
1144065706121,0
1424062526084,0
1564019582617,0
1330700913649,0
1144067837871,0
1563336582182,0
1564035955108,0
1143812700716,0
1330565002242,0
1330002180495,0
1144049852171,0
1564058534409,0
1330000805637,1
1144024809095,0
1564057758333,0
1563335635267,1
1563345543155,1
1563349738603,1
1564052140662,0
1144017380233,0
1563347982938,0
1563347025690,1
1144063773174,0
1563963150355,0
1563334793395,1
1564021893716,0
1330013517408,1
1144039599775,0
1563866947736,0
1563349156154,0
1143335731265,0
1563921699041,1
1563347814504,1
1563347030583,1
1563343058820,1
1563347045248,1
1330557067445,1
1564063423916,0
1144044845416,0
1330006405816,1
1330014366137,1
1563955939823,0
1563334494260,1
1564035896432,1
1564041776208,1
1563346166923,0
1563352124917,1
1564036188631,0
1330006627919,1
1330582384028,1
1143338816622,0
1144032791183,0
1563983686414,1
1563344945862,1
1144040430374,0
1564065203327,1
1563337372382,1
1330602025818,1
1144056332552,0
1563347050855,0
1563354660417,1
1330636071597,1
1330735508440,0
1563817163365,1
1563925594777,1
1330509986183,1
1144035825060,0
1563961336333,1
1563812687005,0
1564031495191,0
1564060458870,1
1564061358409,0
1563911700943,0
1563350972372,0
1564067638333,1
1330017365786,0
1563912580573,1
1563347929364,0
1330012464589,1
1563821989723,1
1563966283581,0
1564041545537,1
1563997966580,0
1563806620555,1
1330008795220,0
1564053558848,1
1330537721944,1
1143335749273,0
1564040368611,1
1143333545253,0
1563335473847,0
1563891002760,1
1563341650021,0
1330694899753,0
1564068014096,1
1563965461373,1
1563925659286,0
1563341110405,1
1563974973227,1
724023643427,0
1564033493339,0
1564028630157,1
1564065504649,0
1563919551586,0
1564022635301,1
1330571018921,0
1563348144645,1
1563346895093,1
1563929211915,1
1563349668246,1
1563349638162,0
1564048564514,1
1563935367292,1
1330022351518,0
1564064875863,0
724042579271,0
1563340004958,1
1330015972096,1
2053346778492,0
1564061416486,0
1564032456630,0
1330731612392,1
1143338545059,0
1563347063961,0
1563348776700,0
1564065016388,0
1563973839225,1
1564003926804,1
1563857984640,0
1330602554059,1
1564054722360,0
1563787605522,1
1564066190449,0
1563802452893,0
1563940864285,0
1563978395352,1
1563858971784,1
724069035664,0
1330726410853,0
1564059599652,0
1564019777854,0
1563840309406,1
584049603307,0
1564066279979,0
1563876081562,1
1564046145734,0
1564004126566,1
1564038543097,0
584060471794,0
1564011824524,1
1564050190696,0
1330631787972,1
1564039147377,0
1330701127228,1
1330714527116,0
1330679527510,1
1330661806751,1
1563349255342,1
1564067283538,0
1564046802173,0
1564037487735,0
1564062516198,0
1563346415507,1
1563747491047,0
1563360793862,0
1564052315394,1
1564047272477,0
1330680878842,1
1564037424072,0
1330722629154,0
1563857161132,0
1563927409744,1
1330729020495,0
1564042116765,0
1564065238960,0
1564013338724,0
584048409343,0
1330731318599,1
1564037133108,0
1563739033887,0
1564036118911,0
304065437302,0
1563996986526,1
1564054410391,0
1563347935706,0
1563350650285,1
1564040792288,1
1563877716601,0
1564014148151,0
1563348738889,1
1564037376857,0
1564060034142,0
1564041708506,0
1564044732838,1
724024628588,0
1564033387210,0
1563335556876,1
1564059328400,0
1563344893476,0
1330696401045,0
724044438838,0
1144028036414,0
1330681354412,0
1564061869052,0
1330689065351,1
1563354546114,1
1563947306469,1
303444649302,0
1564045180322,0
1564064855978,1
1564065454632,0
1564044960508,0
1564061080479,0
1563984095013,0
1563356971248,1
1564058529040,0
1563911549174,0
1563917659563,0
303571208448,0
1330698769628,0
1564066001855,1
1563762865403,0
1563981333096,0
1563346804068,0
1330729606929,0
1564046659896,0
1564046333747,0
1564067181740,0
1564064162787,0
1564061086966,0
1330592601499,1
1143333556647,0
1330721579681,0
1563983643905,0
1564066519101,0
1563998832349,0
303551334018,0
1563348326803,0
1564059575222,0
1564065602456,0
1564048562605,0
1563906318618,0
1330475174130,0
724055343925,0
1564040606195,0
1563345163433,0
1563348402723,1
1144031281043,0
1563347552984,0
584067504724,0
1563335471369,0
1564060807533,0
724066097575,0
2053367766172,0
724044723297,0
1330645866671,0
1564055086472,0
1143339088560,0
304001253819,0
1564055227287,0
1330626521289,0
1330687635995,0
303642678000,0
1330730275711,0
1330733210720,0
724041168552,0
304058238339,0
1143815497108,0
1563348707501,0
1564031184919,0
724068020953,0
1143337876219,0
1330708015933,0
1143338813535,0
1564038596015,0
2053367610746,0
1330563754468,0
1564065725408,0
1564064893400,0
1144049086693,0
1564066211220,0
1564067841597,0
1564049282439,1
1143334189956,0
1563765781496,0
1564048710718,0
1143998036736,0
1330706615821,0
1330016646310,0
723965894873,1
1563999706336,0
1144067636509,0
1564063376253,0
1564067438577,0
1143905982499,0
1330731915275,0
1144057694563,0
1563787322703,1
1330728159425,0
1330705997168,0
1563347171787,0
1330651492104,1
1330679379677,0
1563348194795,0
1144067334559,0
1330697672026,0
1330587719258,0
1330004367862,0
1330568922407,0
1564064461103,0
1330716846048,0
1330008666912,0
1563350351061,0
1330729565004,0
724066217095,0
1143336781437,0
1563983906356,0
1563346835474,1
1330645720063,0
1330000922992,0
1563887783159,1
1563347354335,1
1563344592054,1
1563960656869,1
1563921038400,1
1564063687386,0
1563967160704,1
1563360710713,1
1563347064286,0
1563347978024,1
1563350303256,1
1330621357940,1
1330514455855,1
1564066080164,0
1564063618378,0
1564016653227,1
1330614161118,1
1563955338591,1
1564067219631,1
1563871298306,1
1330551231366,1
1330715451536,0
1563955785611,1
1330023273511,1
1563974714871,1
1564063100609,0
1563850905334,0
1330462833905,1
1563996704494,0
1563929378923,1
1563348905395,1
1564057423940,0
1330003825866,0
1564058619764,1
1330668032610,0
1564059876099,1
1330711683520,1
1330592949289,1
1564016934183,1
1563347225720,0
1563932175953,0
1563356086028,1
1564014363249,0
1563898703378,0
1563898844426,1
1564029718246,0
1564042031311,1
1563347568785,0
1563350695893,0
1564050166266,1
1563347812154,1
1563852517138,1
1330582771088,0
1564066994693,0
1564039923723,1
1563347063765,1
1563947032349,1
1563345512316,0
1330549342229,1
1564038402959,1
1563988779707,0
304046675172,0
1330013212166,0
1563870944839,1
1564062883992,0
1564054449531,1
1563346522511,0
1330004075171,1
1563888092914,1
1564014075691,1
1330702023312,0
1330002408387,0
1330412755893,1
1563346790782,1
1564064072277,1
304056981372,0
1330725684509,1
1563962219619,1
1563986922428,1
1564054379806,1
1563976466908,0
1563345317690,1
1563348348879,0
1564064343968,1
1564004157536,1
304065844975,0
1564023537531,0
1563868991507,1
1330725949928,1
1563970183227,1
1563875810662,0
1330015792611,1
1563335546271,1
1563997693960,1
1564062553888,1
304065405576,0
1330006611794,0
1563857093831,0
1563348573829,1
1564055360900,1
1563865292658,1
1564067878844,0
1330005352918,0
1564049565243,0
1563988781247,0
303394845730,0
1330663594213,0
1564012558021,0
1564064814522,1
1563347765599,1
1564020031394,1
1564064899905,1
1564044213361,0
723347456132,0
724044908601,0
1563341601642,0
1563800112823,0
1564056376010,0
1144067233764,0
1330629119752,1
1563869478280,1
1144064278233,0
1143993359558,0
1563983209604,0
1564029538085,0
1563340938119,1
1143337818707,0
1143333637014,0
1330734226833,1
724067312633,0
1143333617183,0
1330734969249,0
584008057626,0
1144062510448,0
1563987625501,0
724053089734,0
1564065314259,0
1564064639071,0
583689983557,0
1563340314741,0
1564068292549,0
723493181609,0
1564020879470,1
1330017174180,0
1143333637807,0
1564055477306,0
1564025095164,0
1330014865095,1
1563354877749,0
1564048137568,0
1563353237887,0
1564001741236,0
1143333613669,0
723744331991,0
584006955658,0
1563931303888,0
1330608766111,1
1564067696853,0
1564052333571,0
1144037240763,0
1423894161676,0
1563338075763,0
1330701222592,1
1563814911596,0
1563873322314,0
1564032245500,0
1564042807819,0
1564046893322,0
1143999941634,0
1330700649730,0
1330686745859,0
1564044672008,0
1143339069324,0
1330681607628,1
1143961414495,0
1330673349959,1
1330649819531,1
1330672795561,0
1423620080740,0
1330701039483,0
1330014611755,1
1330536380341,0
1143886510071,0
1563981111837,0
1564045323950,0
1330723394119,0
1330535830792,1
1143333532280,0
1330701059370,0
1423829774199,0
1330656742730,0
1564024028632,0
1330668211343,0
1564064445591,0
1564065853861,0
1190730578296,0
1564061902683,0
1564066398409,0
1564029444161,0
1564041979913,0
1564019178792,0
1564025780445,0
1330450520487,0
1144062938223,0
490700661017,0
957385382139,0
1330732393155,0
1190733352741,0
956710206195,0
1564055460597,0
1563345428761,0
1564018178998,0
1190129958217,0
1564066984183,0
1330700860057,0
1330725328767,0
1330732896850,0
1330698727064,0
1190729580719,0
1563335919770,0
1330617599824,0
583336258547,0
1330005151514,0
1143335686171,0
584067414956,0
1143335693614,0
724023331560,0
584067864699,0
1564066431977,1
584058905171,0
304025306461,0
1564052162493,0
1563959925035,0
1330692820564,0
1563345417848,0
1564040919200,0
1144045152859,0
2053350206205,0
1330720812913,0
584068059915,0
1563345335388,1
1563937722417,0
1564067688519,0
1564067998332,0
1564012230846,0
1563349175698,0
956772709211,0
1564066326909,0
1144067039994,0
1330002132743,0
1330704115157,0
1563344985685,0
1330479706278,1
1563782865808,0
1564064634276,1
1564042918237,1
1330728490212,0
1330729741772,0
1330718495810,0
1563357057054,0
1330016342265,0
1330017110699,0
1330725535071,0
1330732785736,0
1563856024607,0
1330017346849,0
1330721452424,0
1143914111200,0
1144052389456,0
1563808916891,0
1330733801793,0
1330730984328,0
1563995038001,0
583336996449,0
956756368486,0
1563360736385,0
1144047610430,0
1563904192519,1
1564052336667,0
1563334755185,0
1564041250095,0
1330017201104,1
1564045606596,0
1564056295526,1
1330691286031,1
1330002930977,0
1563344789764,1
1330017115620,1
1564048377922,0
1564047805250,0
1330017386212,1
1564051186996,0
1564063925739,0
1564040044382,1
1564054807613,1
1564029018297,1
1330000641687,1
1564048980753,0
1563344739369,1
1563854845982,1
1564062832686,0
1563346367655,1
1564054132711,0
1564042141482,0
1330031516935,1
1564048538945,0
1563339940589,1
1564064503456,0
1564048973190,1
1564067641644,0
1564064046848,0
1563340483180,1
1564039938008,0
1563348844481,1
1563780116157,1
1564049583184,0
1564065709584,0
1563869978743,1
1564057991988,0
1330017117496,0
1564067991847,0
1330491998325,1
1564063335172,0
1563844547223,0
1564045056161,0
1563348862044,1
1563955622684,0
1564047031253,0
1564060610392,0
1564048697880,0
1564025661034,1
1563346824370,0
1563344659744,1
1564063392308,0
1563979276951,0
1330671140117,1
1564065580121,0
1564054119772,0
1564037235345,1
1143334627276,0
1144057738950,0
1564058460955,0
1564025856423,1
1564059505460,0
1144050466384,0
1563976420302,0
1564057140270,0
1563910036490,1
1563346038485,1
1564060055012,0
1563343460441,1
1564056747705,0
1563741871764,1
1564034562176,0
1563345372785,0
1564059570178,0
1330691787247,1
1143841460353,0
1144025611687,0
1564056809690,0
1330011446600,1
1564004107162,0
1563790803164,1
1564001304203,0
1564063485901,0
1330681950381,0
1564059575745,0
1144053585171,0
1564024745448,1
1563967799342,1
1330501114490,0
1563941029602,1
1563875383501,1
1564056834120,1
1423366061681,0
1563941743756,1
1330687152638,0
1330714659054,0
1563858483334,1
1330015221131,1
1564060876077,0
1330003894086,1
1564067399773,0
1423366947429,0
1330700917480,0
1564063897505,0
1564035244874,0
1423976363126,0
1564063289009,0
1564064956792,0
1563888076011,0
1564014660931,1
1563337101932,0
1563344900329,0
1564048422797,0
1563882167978,1
304050965267,0
1564066912786,0
1563914307606,0
1564035062445,1
1564038267764,0
1564055016715,0
1563349224185,0
1564068091558,0
1423366735065,0
1563963037805,0
1564065409088,0
1564053101300,0
1563345161350,0
1564064920408,0
1563350318693,1
1330566324266,0
1564065665614,0
1330733660057,1
1143341269107,0
1564067921332,0
1564060616612,0
1563931601299,1
1563998374738,0
1563353141252,1
1564056861843,0
1563852217666,0
1143334750590,0
1564026929614,0
1563360507482,0
1330719916673,0
1564065458351,0
1330728836157,0
1330005147139,1
957134365695,0
1564066682479,0
1564038110124,0
1564034110667,0
1564067767696,0
957399550179,0
723404762084,1
1564022649970,0
1564066683039,0
1330718966973,0
1330661526257,0
956741032639,0
1330667298030,0
1330018118559,1
1330663592752,0
1143335950740,0
1330655222327,0
1330667751326,0
1143336483321,0
1564066679574,0
1564046618978,0
1143335952434,0
1564018273386,1
1564049953421,0
1564063568690,0
1143338330106,0
1563953952304,0
1564067500426,0
1564040391942,0
1143856208586,0
1564032599355,0
1564045784424,0
304050531528,0
1143341451961,0
1330687247341,0
1144065049757,0
1564058637248,0
1144025596399,0
1564041807010,0
1563345171203,0
1564046715025,0
1564035689262,0
1564060626713,0
1564066893344,0
1144065232685,0
1330003371785,0
1330624583514,1
1143341236310,0
1144041420804,0
1330666161491,0
1563355625715,0
1330710091531,0
956909444962,0
1330679422466,1
1330707037398,0
1564061956352,0
1330011996131,1
1330004059066,1
957392958916,0
1330664903715,1
1330734800444,0
1144029830731,0
1330005856470,1
1563347374355,0
1564059590067,0
1564022699022,1
1564067975500,1
1563877057176,0
1564068076335,1
1563992648229,1
1563348930231,0
1330016005371,1
1330733718925,1
1563884537149,1
1330715571584,0
1564028079684,0
1564015513687,1
1564042649990,0
1564047647348,1
1330016356757,0
1563353539976,1
1564068138817,1
1564012819667,1
1563923683945,1
1563344739686,1
1564045616627,1
1563984499686,0
1563344876629,1
1563999749186,1
1563998178505,1
1563965235665,1
1563346590523,1
1330014201840,0
1330615437715,0
1563343414280,1
1330004145544,1
1563345048241,0
1563986441588,1
1564017334679,1
1330006300385,0
1564067557236,0
1563346277826,0
1564039329206,1
1563342827321,1
1330017462774,0
1563924693531,1
1330005373568,1
1564052784247,1
1563890971792,1
1563980734502,1
1564019761819,0
1564025383627,1
1144061764533,0
724057435612,0
1330732337155,0
1564049007262,0
303993509792,0
1564063395136,0
1564046024744,0
1564022302047,0
1330686665301,0
1563997369734,0
1563860666799,0
1564068122453,1
1563906160791,1
1563338940305,1
1563848315885,1
1563969662976,1
1564066375729,0
1330013335091,1
1563977581271,1
1563348609204,0
1563920769922,0
1563918818392,1
1563949936019,1
1563876967300,0
1564030424121,1
1144060960207,0
1563340128984,0
1564013385692,0
1564026988694,0
1143918413918,0
1563824995161,1
1143949100226,0
1564016081306,0
1563984450982,1
1564040736328,0
1564029174757,1
1563347722561,1
1564067392169,0
1563953749197,1
1564066606979,0
1564066875728,1
1563346685968,1
1564065612102,0
1563966859347,1
1563348824923,0
1330649768632,1
1330734636184,1
1564005992523,0
1563345013902,0
1563344741270,1
1564032544816,0
1564028114663,0
1330728721849,1
1563958597194,1
1563342666193,1
1563344661027,0
957392016091,0
1330392017810,1
1330726734579,0
1143336741106,0
1330599159381,0
1330705118603,0
1330710785877,0
1564061177032,0
1330723225731,0
1143814911178,0
1330726144199,0
1330013302853,1
1330533815755,1
1330720762056,1
1330724189666,0
1330708167007,0
1330708633265,0
1330712443438,0
1143333397292,0
1330005616342,0
1144064853614,0
1144066139155,0
1144050109414,0
1143337153763,0
1563797998408,1
1563337646301,1
1330731923381,0
1564020610450,0
1330730633530,0
1563930363503,1
1330411375671,0
1330717109157,0
1330018071144,0
1330715340619,0
1330692332078,1
1330715913767,0
1563360654599,0
1144066468617,0
1563345907949,0
1330733842431,0
1564039198019,0
1143337047104,0
303975614028,0
1563344573933,0
304066246976,0
1330731160348,0
1563337826089,0
303991127757,0
1563333580930,0
1143663337114,0
1330666747092,0
1330004945511,1
1564063328874,0
1564050344892,0
1143336044972,0
1143337013016,0
1330720079892,0
1144041383361,0
1564065243272,0
1144027349999,0
1330669758236,1
1330674158881,0
1330732741139,0
1564027015875,1
1330011157162,0
1564024543384,0
1563333989795,1
1564067132698,0
1564023628351,0
1563337262559,1
1564047976736,0
1144058904594,0
1564052033266,0
1144065443073,0
1143641780430,0
1564067130698,0
1563828773670,0
1330011115904,1
1564052013708,0
1330716822309,1
1563834105652,1
1564049498386,0
1564062988247,0
1564007310625,1
1563347362892,1
1563935317112,1
1563336451345,0
1564054562315,0
1143337082444,0
1563334034866,1
1330683478497,0
1564053259916,1
1564049174506,1
1563976516307,1
1564055737813,0
1564054961653,0
1144066831826,0
1564049947933,0
1563347991083,1
1564050124651,0
1563347182091,1
1564050643145,0
1330715297214,1
1330462806647,1
1330470258336,0
1564052966508,0
1564042287241,0
1330571416477,0
1190134841809,0
1330679957324,1
1563347917936,0
1330663810660,0
1563788313987,0
1564041500912,0
1563347043965,0
1563352029194,1
1563349198609,0
1563348812312,0
1190734482599,0
1563346934284,1
1564035545599,0
1330004151347,1
1563745871732,0
1564021736729,0
1563344904802,1
1563360405504,0
1330436899572,1
1563338137606,1
1564045742364,0
1564048311317,0
1564064304663,0
1564050995789,0
1190214201047,0
1563337992876,1
1563931737820,1
1563348813964,1
1564052977193,0
1563347419083,0
1330520249377,1
1563350864952,0
1563338647236,0
1564044620184,0
1564027597374,0
1563999840337,0
1563349060329,1
1564040193013,0
1563989047299,0
1563839070094,0
1564023251242,0
1564065189330,0
1564036870998,0
1564041552850,0
1564017127628,1
1564054823359,0
1564026290687,1
1563912801812,0
1563345375186,1
1330428755740,0
1564033700007,0
304065858817,0
1564062763428,0
1330716314711,0
1564018990734,0
1564037467888,0
1564065125396,0
1564063867760,0
1564061191469,0
1564068262500,0
1143337667595,0
1330726286015,0
304065344611,0
1330675238561,0
1330734416386,0
1563982704141,0
1330578356179,1
1143337672171,0
1564022989865,0
1330701232501,0
1330701879859,1
1564047393689,0
1330730279888,0
1330728567987,0
1143990016162,0
583340834839,0
723975605768,0
1563998026504,1
957343577773,0
1563968587113,0
1330723826712,0
1564006754760,0
583337124682,0
1330710782352,0
1330695174053,0
1563334336690,0
1330634309361,0
1143336470378,0
304065758355,0
1330735200729,0
1563340459961,0
490144450065,0
1330729281620,0
583340830289,0
1143337456081,0
1564029350226,1
1563935198413,1
1330496656962,0
1564067762401,1
1563821617757,1
1330022406111,0
1563345206588,1
1563346398420,1
1563826075011,1
1564066601262,0
1563978439865,0
1330689362531,1
1563350701287,1
1330007717133,0
1330008498464,0
1563347259266,1
1563932909627,0
1564039329171,1
1330682675599,1
1563346090698,1
1563348256614,1
1563337215993,1
1563347842000,1
1564040160942,1
1563341254584,1
1564037782547,1
956778801239,0
1563874478502,0
1564056286228,0
1143335015312,0
1564049547305,1
1563345797535,0
1564063353134,0
1330014436039,1
1143335002618,0
1563825512048,0
1330575058962,1
1330016376815,0
1564019660963,1
1564058110911,0
1563899010415,1
1563976687205,1
1330582439676,0
1563345030636,1
1563711608351,1
1563345049606,0
1563946814941,0
1330697349898,1
1563961535339,0
1330730158669,1
1563926123981,1
1330009437778,1
1564046812997,1
1564050046745,0
583629639896,0
1330678515926,0
1563941720231,0
1563350674916,0
303400784918,0
1330657147306,0
1144061295990,0
1143337819318,0
1330711867401,0
1564056550532,0
1564033660506,0
1330734467206,1
1564040638827,0
1564018119986,1
1564059876178,0
1330704938108,0
1564054068070,0
1330031416583,1
1564062080492,0
1564067869721,1
1330000686550,1
1564049859715,0
1564050268547,0
1330735464975,0
1143974250762,0
1564016991567,0
1564058473716,0
1563347721439,1
1144065753961,0
1564034264958,0
1563817445472,1
1330015578486,1
1564038960262,0
1564065861638,0
1564065604728,0
1564040759507,0
1564003303622,1
1564055952685,0
1564067730446,0
1564025461103,0
1330564525031,1
1563334859466,1
1330685418631,1
1563941207409,0
1563348028228,0
1564037456489,1
1330622028824,0
1563350283474,1
1563347140201,1
1564039038725,0
1563346361444,1
1563852373596,1
1563344884126,1
1330385186027,0
1330017301060,1
1564067164058,1
1563872598876,0
1330011219637,1
1563344952250,1
1563348483018,0
1563348365135,0
1563861788463,1
1564063004550,1
1563350367040,1
1563996433839,1
1564063610505,1
1330568713560,0
1563349771153,0
1563333464940,1
1563819562685,0
1330618782448,1
1563337339930,1
1330509814517,0
1563351960604,1
1564027488020,1
1564054830237,0
1564018638842,0
1563873356882,1
1563353716061,0
1330647777179,1
1563345149657,1
1564056137406,0
1330713317346,0
1564030027513,0
1564015675194,0
1330726964114,0
1143940020328,0
1564050550325,0
1563350509872,0
1564062972035,0
1564051303633,0
1330730002590,0
1564049775010,0
1144025071975,0
1564059062323,0
1330715782925,0
1143337761897,0
1564051367449,0
1564060967903,0
1564024985033,0
1564058446307,0
1143337788084,0
583337069205,0
1564054117500,0
1564057242680,0
1563347086658,0
1564055920921,0
1330016878918,0
1563934929587,0
1564056569782,0
1564055952106,0
1330515762816,1
1564055951164,0
1563849211978,1
1563343529848,0
1563349329768,1
1330018634849,0
1564055462370,0
1330596352771,0
1564025198421,1
1330430170967,1
1563832902928,1
1564064685192,0
1564064562130,0
1564042343376,1
1563343668581,0
1564014252444,0
1563871814920,1
1564060539050,0
1563757870201,0
1564053169956,0
1564055945790,0
1564065529866,0
1330003856822,0
1564067081938,0
1330713755303,0
1564063298942,0
1564050688846,0
1330724785203,0
1330509546648,1
1563340614936,0
1564047174200,0
1564045574851,0
1564059795328,0
1564006429325,0
1564007800831,0
303429097897,0
1563810467788,0
1563344543651,0
1563868616417,0
1564043979838,0
1563347189700,0
1330402202602,1
1330733661481,0
1330734465536,0
1330006893040,1
1564041547499,0
1143339072003,0
1564064510057,0
1330734622900,0
1563346879789,0
1144064923801,0
1143337439682,0
1330672338583,0
1330000942344,0
1143333664148,0
303653457160,0
1564024823048,0
1330710996045,0
1330707506923,0
1330709200830,0
1330701790852,0
1564017505022,0
1564048331435,0
1564017009200,0
1564049699335,0
1564054109725,0
1563947391419,0
1564007305949,0
1143337677475,0
1564017257446,0
1330714272629,0
1144063549797,0
1564015693331,0
1564048543103,0
1563929027192,1
1564036858797,0
1564068229003,0
1563861655178,0
1330670577210,0
1563348623342,0
1330018619169,0
724064422802,0
1143334768524,0
1143335574306,0
1144067747067,0
1563343043364,1
724066300197,0
1330725979783,0
1564067323926,0
1330727638555,0
1330006507564,0
1564064663380,0
1144067648138,0
1190718483906,0
1563813127867,1
1330734302578,0
1564053021951,0
1564064304644,1
1563346682023,1
1563346970453,1
1563988599469,1
1564014008988,1
1563353335152,0
1563348035517,1
1564034526908,1
1563337829085,1
1564009219535,0
1563759621797,0
1563900451085,0
1563948718843,0
1563990635314,0
1564050321598,0
1563349002392,1
1564022146043,1
1330005877214,1
1330719766562,0
1330716939990,0
1564036046547,0
1564036226496,0
1564063753975,0
1564028329934,0
1330725758198,1
1330691383415,0
1330705145296,1
1564064853493,1
1563346948774,1
1563885447730,1
1564045448247,1
1564066182903,1
1563795335538,1
1563821442621,0
1563347094213,1
1563349714131,1
1564058394812,1
1564017493607,1
1563913600398,1
1563344860273,0
1563348747506,1
1563345043894,1
1564035097097,1
1563349686812,0
1563346835528,1
1564041227354,1
1563345544194,1
1564038026770,1
1564054299320,1
1563780736623,0
1563335933175,1
1563980281936,1
1563990951838,1
1563999824207,0
1330730902435,0
1564065209100,0
1563349521227,0
1330723516245,0
1564050287501,1
1330711168684,0
1563988364059,1
1563973405717,1
1330708330711,0
1330733675742,0
1563931600298,1
1330734559298,0
1330545380213,1
1330722583453,0
1330624565106,0
1330524811182,1
1330727073069,0
1330695103593,0
1330011947177,0
1330705892852,0
1563901578906,0
1563341649508,1
1330670855831,1
1330727634611,1
1330020367974,1
1563980300859,1
1563820766155,1
1564061833189,1
1330008127751,1
1143334404930,0
1144064418742,0
1330734154857,0
1330591176289,0
1564045409322,0
1143338853703,0
1330676349727,0
1143333381705,0
1564052662802,0
1144055473696,0
1564035767840,0
724013918905,0
1563347432159,0
1564052574189,1
1563345585302,1
1563999123969,1
1564067391280,1
1330006755637,1
1330699497295,0
1330717828913,0
1564007678226,0
1563965838407,1
1564015433682,0
1563885279448,0
1563922007431,0
1563829774556,0
1564067422024,0
1564023041207,0
1563934826197,0
1424065199179,0
1143336792658,0
1424027968988,0
1330662962505,1
1330662388549,1
1563840563357,1
1330638522780,1
1423363143153,0
1330006187708,1
1330396683949,1
1423767964185,0
1330012536066,0
1563818284980,1
1330665179832,1
1330473421407,1
1564059984764,1
1330011440618,1
1563348280022,0
1563873428628,1
1563346424969,0
1563765419904,1
1423492013085,0
1330724530872,0
1330710493954,0
1564063980199,0
1564061396828,0
1564000972795,0
1330734489287,1
1563346614365,0
1143968465964,0
1330631958453,1
1330003186537,1
1564012126376,0
1330011253027,1
1564052150117,0
1563984087988,0
1564045880021,0
1563347688109,0
1564009879539,0
1564067342637,0
1563998304708,0
584060115916,0
1564032072404,0
1144058416106,0
1144038893477,0
1143688498288,0
1143932386858,0
724041888367,0
1564040163252,0
1563350042697,0
1563957310505,0
1330014745525,0
1330722123668,0
1143856729759,0
1330008392682,0
1330707166413,0
1330679178549,0
1564053323035,0
1330730863798,0
1330711086985,0
1330657706273,0
1330004892904,0
1563980265071,0
1564042999355,0
1564067192520,0
1564040721621,0
1564066504893,0
1564026654778,1
1564038018972,0
1330010866648,0
1564054267484,0
1564037990585,0
1564060577415,0
1330005481235,1
1563880845573,1
1330714385800,1
1563987523009,0
1564050183360,0
1564007784619,0
1564058859335,0
1330442245605,0
1330734339081,1
1330409331066,1
1563966429820,1
1564061389114,0
1564058513740,0
1330734371341,1
1564068698220,0
1564067491263,0
1330719227233,0
1564056223874,0
1564045708061,0
1564055727189,0
1564010540178,0
1564038039225,0
1330708030990,0
1330722127749,0
1330735476618,0
1143336858416,0
724064943144,0
724057587803,0
1564042275497,0
1564054689675,0
1144022686433,0
1563943487619,0
1143338829871,0
1564054260129,0
1564060067775,0
1563346532713,0
1330016114961,0
1563345300500,0
1143336982937,0
1564068255416,0
1330701449795,0
1564067930107,1
1564062099261,1
1563347082066,1
1564046280556,1
1330440792230,0
1563927223425,0
1564049279632,0
1564064111082,0
1330732528192,0
1330721093235,0
1330728262063,0
1330725105621,0
1330604113771,0
1143755545478,0
1143735862740,0
1564045666619,0
1143335941269,0
1144007067658,0
1144068640442,0
1330716246085,0
1144054178418,0
1564066292817,0
1143335938234,0
304041781108,0
1563958582391,1
1330683807175,1
1330695233126,0
1564056198989,0
1563336439807,0
1564013964618,1
1564068038661,0
1563976224050,0
1330007324403,0
1564061600553,0
1330629890503,1
1564039295536,0
1330734176566,0
1564059111974,0
1564068331683,0
1330006601814,0
1330720212159,0
1564062716827,0
1564066932962,0
1330710668336,1
1564063809702,0
1330724372873,0
1563897185802,1
1564003929212,1
1330025500423,1
1143339170747,0
1564032439405,0
1144067841989,0
1144055375400,0
1564057866242,0
1144033931476,0
1330725520072,0
1330594883303,0
1143941099639,0
1144062135769,0
1564010948082,0
1564046538334,0
1563886679231,0
1563350651968,0
303424106412,0
1564037975530,0
1563346888289,0
1330722884423,0
1563349469248,0
1564065679535,0
1563932386503,1
1563911092179,0
1143869286189,0
1564062197807,0
304066940725,0
1330013753007,0
1564021123326,0
1330732034296,0
1563829641556,1
1563814160365,0
1563337954479,0
1330004553812,1
1564048567937,1
1330734825408,1
1563346440126,1
1564056351354,1
1330004700677,0
1564021761932,0
1563350909325,0
1563345277669,1
1563346798766,0
1564018017305,0
1563345093195,0
1563940333503,1
1563994184837,0
1330631780277,0
1330718161787,0
1564030328889,0
1330722579295,0
1330657718861,0
1564035931217,0
1330734237515,0
303679191482,0
1564029062108,0
1563968016615,0
1330693580055,0
1330725885157,1
1330564635934,0
1330402784508,1
1144068147621,0
1330720814549,0
1563344725663,0
1564045163233,1
1330006887512,0
1563806771212,0
1563340729500,0
1563885613168,1
1563346314453,0
1330715517931,0
1563884805553,1
1330729732668,0
1563335919336,1
1563345351803,0
1330002444659,0
1564068286449,0
1330011027230,1
1330015011971,1
1330682128267,0
1330577356371,1
1330013655565,0
724039162550,0
1563977040021,0
1330662330160,0
1564007909191,0
1564001722507,0
1564046748483,1
1563840170018,1
1564014489317,0
1563884952177,1
1563998366016,0
1564049791873,0
1564043830073,0
1563968637009,1
1564019406091,0
584061027447,0
1330732148909,0
1564011084955,0
1330733141325,0
1330731762332,0
1144034315515,0
1144048946091,0
1143963237356,0
724063636536,0
1564061205485,0
1330727910638,0
1330713566093,1
1330596513815,0
1330014693921,1
1330728390016,1
1330017490844,1
1563349046172,1
1330562387662,0
1330014440237,1
1330624799767,1
1563341943340,0
1564037369731,0
1563355117177,0
1330713227911,0
1144032669945,0
1144010801658,0
1143817924517,0
1564045166541,0
1330709690263,0
1563919869619,1
1190734905101,0
1330685312231,1
1563345333594,0
1563350363736,1
1563348710592,1
1563951069902,0
1564029039762,0
1564043969364,0
1190735328020,0
1564019703199,0
1563350649378,0
1190131719147,0
1190734041949,0
1564012885057,1
1563802334796,1
1563346363849,1
1563360549902,0
1563911867028,0
1563764390890,0
1563998008024,1
1564058486365,0
1564014018788,1
1563345360665,0
1563893080997,0
1563345517129,0
1564018588202,1
1563349627767,0
1563350834537,0
1330722926507,0
1330726784263,0
1563340667786,1
1564055219916,0
1564068824924,0
1330735330649,1
1564065871090,0
1330656564038,1
1563346928661,0
1564060352633,0
1330734663500,0
1564021096631,0
1564025370532,0
1563346932000,0
1564044826953,0
1564065152507,0
1563878462484,0
1564064173084,0
1564067330105,0
1564065903855,0
1330003111614,0
1564049222458,0
1330714175534,0
1330729535702,1
1144026656306,0
1563349350325,0
1564004786990,1
1563893149443,0
1563869826666,0
1563340239498,1
1330595984501,0
1330573962963,0
1330591051106,0
1563874683091,0
1563347735530,0
1564025444662,1
1330733060265,0
1190734931859,0
1330010939667,1
1564042379179,0
1144032171716,0
1143758516254,0
1563846593785,1
1330646804015,0
1563348619261,0
584057391540,0
1143335371402,0
1330005824567,0
1564012268770,0
1564058897601,0
1330707922364,0
1330013359964,1
1563353816910,0
1330720552035,0
1330715660803,0
1330685506738,0
1330004662592,0
1563348187396,1
1330017759382,1
1564023909940,0
1143725541471,0
1564066621590,0
1330716878486,0
1564059247487,0
1143336640464,0
1330733577821,0
1564047736939,0
1330715479660,0
1563949297808,0
1330015102010,1
1330538925226,1
1563348413715,0
1330525860524,0
1564068659570,0
1564064789354,1
1564055231564,0
