Customer,service_repair
1563344546638,
1564011913587,
1564034361495,
1563915867124,
1564063266929,
1563796623228,
1563869634511,
1564056361919,
1563348250935,
1563855624744,
1564038840469,
1564058432391,
1564053731177,
1563862609145,
1563988200901,
1330594664966,
1563988448456,
1563930717493,
1330643810909,
1564052122857,
1564043767881,
1563914796805,
1330015515385,
1330726737487,
1564042832536,
1564023793360,
1564062862138,
1563873425489,
1330020356735,
1563805537478,
1330012107886,
1564052013071,
1563337687842,
1564054084413,
1563991380399,
1563360472767,
1564028645407,
1330711002901,
1563350266979,
1563828514124,
1564010399809,
1564049737376,
1563967977100,
1563347915304,
1563933346140,
1564048369895,
1564018213977,
1563337532579,
1563873361717,
1563335186051,
1563719479952,
1563348541139,
1564004586197,
1563964033202,
1563345870520,
1330706437223,
1563754613871,
1564042053987,
1330645516018,
1563965820771,
1563347732496,
1330591302257,
1563940365092,
1564056466079,
1330471034748,
1564030686675,
1563346818432,
1563345131161,
1563347248831,
1563956489720,
1563837124434,
1563988416036,
1563348708971,
1564004308148,
1563855527649,
1564037094071,
1563978082405,
1563345511536,
1563815269835,
1563338351264,
1563977818680,
1563804341747,
1563835527093,
1563957233216,
1564046409954,
1564067680665,
1563347627261,
1564059158036,
1563964020497,
1563930127214,
1564029049557,
1564052990570,
1564029543111,
1563976433950,
1330707004944,
1563347189049,
1563988402925,
1564018221334,
1563964791319,
1563858276355,
1330031453058,
1563346406701,
1564027024786,
724053418902,
1563870019469,
1563346242887,
1563996200375,
1563348109593,
1564032733988,
1564049988935,
1563349609117,
1563954983565,
1564038635632,
1563349055401,
1563348199128,
1563344673461,
1564032858245,
1330723047416,
1144067182694,
1564029950588,
1563994205687,
1563349839104,
1330002321886,
1330000548282,
1563954689444,
1330676909704,
1563347774513,
1564025833171,
1563848329437,
1330727671436,
724065755863,
1564017384867,
1564045546266,
1564051112577,
1330677248217,
1564040719924,
1564046792975,
1563348503042,
1564026926322,
1563348448116,
2053373999574,
1563339785023,
1330725106473,
1564024041743,
1564044810510,
1330532543757,
1564017719250,
1563347477120,
1564065692392,
1563988439409,
1564058948846,
1563983335810,
1563355491142,
1564026846529,
1563798521506,
1563346388256,
1564059125776,
1563341619578,
1330721761824,
1144039506276,
2053373903497,
1563950469111,
1143334595804,
1563848534777,
724059332236,
1564027837789,
1144058377259,
1564043685582,
1564060463338,
1564049843792,
1564067659837,
1330016713146,
1563715627539,
1564041712781,
1564047931763,
1564057854478,
1563348062537,
1564036470159,
1564039124239,
1564050432049,
1564025215417,
1143336098272,
1330729750686,
1563826288437,
1564056191037,
1564067476850,
1564066659901,
1564067261710,
1564066574368,
1564062385284,
1564059738017,
1564056695208,
1330006854913,
1564002194827,
1563337031309,
1564049141953,
1563350984041,
1563336622124,
1564056153156,
1564048609998,
1330001155739,
1564017733404,
1564066886645,
1143655068166,
1563344744619,
1564039831001,
1564039384205,
1563349456050,
1330732034389,
1564067963969,
1564033033710,
1330004445051,
1563341714776,
1143337287194,
1330729997739,
1563345379015,
1563348748913,
1564068492823,
1564066943432,
1330731118784,
1564044343985,
1330533917955,
1143336095797,
1143336093701,
1330681210443,
1330518072755,
1564044703806,
1564045986920,
1330727163273,
1563999906693,
1564068046149,
1330002872275,
1143336226858,
1143335772541,
1564059863954,
1144054255031,
1564053936725,
1563345496659,
1563990310411,
1564067980428,
1564059895316,
1564065562105,
1330703150361,
1564007576275,
1563740287867,
1564052768462,
1564059758690,
1330712391943,
1563928745659,
1330013267986,
1564059610239,
1564039841200,
1564053612940,
1563980710880,
1330733582577,
1564055775081,
1143337161066,
1563333767998,
1330673695379,
1330733854438,
1330002793186,
1330013575006,
1330709378238,
304067483517,
1564022376637,
1143886477325,
304064410738,
1564055643623,
724063703624,
1330590838488,
1330731623963,
1144066573162,
1564039442301,
1330706868253,
1564064685234,
1564003618249,
1564040183330,
1564067726407,
2053346645221,
1144033358134,
1564054961520,
1330018086152,
1330664429719,
1144057245534,
304027295679,
724044263224,
1564037235849,
1564064498836,
1564052046085,
1330723956781,
1564017775215,
723952429092,
1564062319752,
1330660011865,
1563760723938,
1330727274272,
1330722795511,
1143336288511,
1330701106324,
1564066107361,
304044557481,
1564067499659,
1330015793638,
1330709539651,
1564022829943,
1564054488703,
1330668933531,
1564049340056,
1564032026204,
1563349655625,
1330669069489,
583339789421,
1330731725199,
1564039909189,
1564064061977,
304026586836,
1564065249315,
1564006317559,
1564034232212,
1143337239023,
1563354603699,
1564029877190,
1564049887435,
584056672630,
1564060631007,
303395984045,
1563345217798,
1564066677954,
1564049003661,
1330713069907,
1564042402703,
1564055580677,
1563947260444,
1330709794831,
304031716671,
1564057652532,
1144050704696,
1564067940486,
1564061881356,
1330545294089,
1564040162230,
1564059650223,
1564035170418,
1564044780575,
1564061669165,
1564049264789,
1564064869430,
1564048976462,
1564050023396,
1564056705047,
1564067769600,
1564041637743,
1564065527731,
1144057300689,
1143335869496,
303412720240,
1144048997429,
1143334367366,
1564048950783,
1144048782774,
1564064046190,
1564067245176,
1330675869089,
1330001590787,
723501640869,
1564050897224,
1564049353629,
1564065056775,
1563947501832,
1330720685149,
1564061726409,
1564042723541,
1563816906512,
1330706361588,
1564058374022,
1143334638450,
1330734339524,
1563915790469,
1564059155360,
723983785263,
1564022974966,
1144050370901,
1564033700602,
1564024186391,
724035584629,
1143336419943,
1564068353915,
1564061005556,
1330731813882,
1330011051215,
1330495757236,
1330000980291,
1564034070085,
1563990576967,
1563345035105,
1330014162386,
1330018672101,
1564021148412,
1564016183930,
1143842181384,
1330005825488,
1330616512213,
1564036868153,
1564006566014,
1563348834677,
1563777004510,
1330733567384,
1564045610773,
1330006257181,
1563336592563,
1330016461911,
1190734603718,
1143333642161,
1330695197134,
1563334242607,
583340664106,
1330695814805,
1330726453119,
1424049340914,
1144067863010,
1330733060185,
1330547144420,
1144067851115,
1564053046299,
1563339079449,
1330703138713,
1330723462903,
1144068223218,
957346052091,
1190708395655,
1564064536374,
1563349803386,
1564045607789,
1330009442696,
1563903617208,
1330016313810,
1563341422057,
1564038090647,
1564010019096,
1330715425165,
1564068209004,
1563353214537,
1564061482650,
1563801533784,
1564067164538,
1563986347091,
1563906113417,
1330729904319,
1564063865779,
1330010988250,
1330703291717,
1564029067617,
1563937367332,
1330004653483,
1564060492948,
1563896996825,
1563983579764,
1563348608516,
1563819921521,
1330588101448,
1330031514903,
1564025871725,
1330017496854,
1563983669738,
1330011356146,
1563872528038,
1563883774133,
1563348598105,
1330522630257,
1563350286843,
1330700503678,
1564044014330,
1330700918519,
1563938905750,
1564039933717,
1330696492181,
1330593475565,
1564039620367,
1330712794231,
1330011137665,
1563344829559,
1563937208885,
1563341289825,
1564067337186,
1330700337439,
1563789856064,
1564021180309,
1563347727613,
1330004274519,
1564029034983,
1564058374466,
1563346512427,
1330717345451,
1330705411889,
1564062113684,
1563945764700,
1563350353520,
1564066084802,
1563965126791,
1330667206127,
1563935420173,
1330735091947,
1330011314345,
1563972855321,
1563344928443,
1330706952164,
1563348183681,
1564029401620,
1330613853079,
1563846908691,
1330476665238,
1563980763303,
1330734268047,
1563996485347,
1330701140764,
1563983385766,
1563345485933,
1330529007684,
724034589744,
1563987399499,
1330685495729,
1563346398373,
1330660276899,
1563901447236,
1564005113857,
1330014447617,
1330009318330,
1330690698404,
2053344549438,
1330480372886,
1330715910612,
1330708207430,
724064747242,
1330006131174,
1330569352718,
1564058539187,
1330504361603,
1330528758953,
1564016800801,
1330000595597,
1330708510679,
1330002627097,
1330013166164,
1563344802152,
1563984354118,
724059003311,
1563334318186,
1330003398488,
1330707149263,
1564067237721,
1330734062998,
1143337743884,
1563992678355,
1330724105643,
1330729258849,
1144057402595,
1330015835689,
1330680580352,
1330013335231,
1563738796650,
1330527677819,
1564063393328,
1330734694972,
1143787034672,
1564061605481,
1144041921052,
1564063152838,
1563778208638,
1563855982161,
1564038700077,
1330013104812,
1564041850324,
1563337677890,
1330719650467,
1330625903348,
1330434786979,
1564068656063,
1330012355669,
1143337757914,
1563748117117,
1330015865668,
1564062739612,
1564039997125,
1330000406560,
1330682623571,
1563932081758,
1330713820349,
1330733936193,
1330612003863,
1564044017393,
1564033699046,
1564032933071,
1564061544577,
1330680469472,
1564060521860,
1564043576302,
1563999151379,
1564038636288,
1563985760057,
1564022880081,
1564027159783,
1563819365196,
1564046444968,
1564055462274,
1564025130103,
1564067266773,
1563997527817,
1564067616027,
1564028292260,
1564033948642,
1564023070369,
1564044258382,
1563342231507,
1563841500118,
1564059694960,
1330017504918,
1564044389688,
1330006564709,
1564044227988,
1564021137807,
1564063858291,
1563348210890,
1564066587440,
1564044265427,
1564033233063,
1330004267911,
1563958948988,
1330011003638,
1564022756982,
1564042911727,
1330733901389,
1564016403401,
1564018135887,
1563813962284,
1564013182379,
1564057458047,
1564043093377,
1563976701758,
1563990906025,
1564068364061,
1564061442685,
1564049992479,
1564066670021,
1564054198872,
1564053385776,
1564047775418,
1563992081934,
1330005056895,
1144033759248,
1564051521529,
1564063812360,
1564050898977,
304060820147,
1144043435084,
1143335550725,
1330385593835,
1143336524533,
1564041961841,
724047901936,
724041531971,
1564045389687,
1144067289456,
1563346113863,
1144060469101,
1564037065005,
1563991554524,
1144010341310,
1190140684567,
1143334678509,
1564065756110,
1143995430855,
1563973955495,
1143975848976,
1563816183615,
1424064617868,
1563348655024,
1330726714905,
1564047046307,
1564049009840,
2053347949188,
1330730980609,
1330692309975,
1330732749084,
1330730532814,
1330712779505,
1143836055819,
1330648607012,
1423347699053,
1330031354043,
1144049615450,
1564051452166,
1564027875018,
1564068497019,
303753864843,
1143334880251,
1330568469895,
303869811506,
1330013104788,
1564006930077,
1564008479894,
1563346985867,
1563933012763,
1144022373811,
1564058146889,
490686330470,
1330721639954,
1143334354687,
1144068136647,
1563948442949,
1330733353576,
1330006672586,
1564007399948,
1330695486537,
1564043185621,
490353682478,
724064506984,
1144065706121,
1424062526084,
1564019582617,
1330700913649,
1144067837871,
1563336582182,
1564035955108,
1143812700716,
1330565002242,
1330002180495,
1144049852171,
1564058534409,
1330000805637,
1144024809095,
1564057758333,
1563335635267,
1563345543155,
1563349738603,
1564052140662,
1144017380233,
1563347982938,
1563347025690,
1144063773174,
1563963150355,
1563334793395,
1564021893716,
1330013517408,
1144039599775,
1563866947736,
1563349156154,
1143335731265,
1563921699041,
1563347814504,
1563347030583,
1563343058820,
1563347045248,
1330557067445,
1564063423916,
1144044845416,
1330006405816,
1330014366137,
1563955939823,
1563334494260,
1564035896432,
1564041776208,
1563346166923,
1563352124917,
1564036188631,
1330006627919,
1330582384028,
1143338816622,
1144032791183,
1563983686414,
1563344945862,
1144040430374,
1564065203327,
1563337372382,
1330602025818,
1144056332552,
1563347050855,
1563354660417,
1330636071597,
1330735508440,
1563817163365,
1563925594777,
1330509986183,
1144035825060,
1563961336333,
1563812687005,
1564031495191,
1564060458870,
1564061358409,
1563911700943,
1563350972372,
1564067638333,
1330017365786,
1563912580573,
1563347929364,
1330012464589,
1563821989723,
1563966283581,
1564041545537,
1563997966580,
1563806620555,
1330008795220,
1564053558848,
1330537721944,
1143335749273,
1564040368611,
1143333545253,
1563335473847,
1563891002760,
1563341650021,
1330694899753,
1564068014096,
1563965461373,
1563925659286,
1563341110405,
1563974973227,
724023643427,
1564033493339,
1564028630157,
1564065504649,
1563919551586,
1564022635301,
1330571018921,
1563348144645,
1563346895093,
1563929211915,
1563349668246,
1563349638162,
1564048564514,
1563935367292,
1330022351518,
1564064875863,
724042579271,
1563340004958,
1330015972096,
2053346778492,
1564061416486,
1564032456630,
1330731612392,
1143338545059,
1563347063961,
1563348776700,
1564065016388,
1563973839225,
1564003926804,
1563857984640,
1330602554059,
1564054722360,
1563787605522,
1564066190449,
1563802452893,
1563940864285,
1563978395352,
1563858971784,
724069035664,
1330726410853,
1564059599652,
1564019777854,
1563840309406,
584049603307,
1564066279979,
1563876081562,
1564046145734,
1564004126566,
1564038543097,
584060471794,
1564011824524,
1564050190696,
1330631787972,
1564039147377,
1330701127228,
1330714527116,
1330679527510,
1330661806751,
1563349255342,
1564067283538,
1564046802173,
1564037487735,
1564062516198,
1563346415507,
1563747491047,
1563360793862,
1564052315394,
1564047272477,
1330680878842,
1564037424072,
1330722629154,
1563857161132,
1563927409744,
1330729020495,
1564042116765,
1564065238960,
1564013338724,
584048409343,
1330731318599,
1564037133108,
1563739033887,
1564036118911,
304065437302,
1563996986526,
1564054410391,
1563347935706,
1563350650285,
1564040792288,
1563877716601,
1564014148151,
1563348738889,
1564037376857,
1564060034142,
1564041708506,
1564044732838,
724024628588,
1564033387210,
1563335556876,
1564059328400,
1563344893476,
1330696401045,
724044438838,
1144028036414,
1330681354412,
1564061869052,
1330689065351,
1563354546114,
1563947306469,
303444649302,
1564045180322,
1564064855978,
1564065454632,
1564044960508,
1564061080479,
1563984095013,
1563356971248,
1564058529040,
1563911549174,
1563917659563,
303571208448,
1330698769628,
1564066001855,
1563762865403,
1563981333096,
1563346804068,
1330729606929,
1564046659896,
1564046333747,
1564067181740,
1564064162787,
1564061086966,
1330592601499,
1143333556647,
1330721579681,
1563983643905,
1564066519101,
1563998832349,
303551334018,
1563348326803,
1564059575222,
1564065602456,
1564048562605,
1563906318618,
1330475174130,
724055343925,
1564040606195,
1563345163433,
1563348402723,
1144031281043,
1563347552984,
584067504724,
1563335471369,
1564060807533,
724066097575,
2053367766172,
724044723297,
1330645866671,
1564055086472,
1143339088560,
304001253819,
1564055227287,
1330626521289,
1330687635995,
303642678000,
1330730275711,
1330733210720,
724041168552,
304058238339,
1143815497108,
1563348707501,
1564031184919,
724068020953,
1143337876219,
1330708015933,
1143338813535,
1564038596015,
2053367610746,
1330563754468,
1564065725408,
1564064893400,
1144049086693,
1564066211220,
1564067841597,
1564049282439,
1143334189956,
1563765781496,
1564048710718,
1143998036736,
1330706615821,
1330016646310,
723965894873,
1563999706336,
1144067636509,
1564063376253,
1564067438577,
1143905982499,
1330731915275,
1144057694563,
1563787322703,
1330728159425,
1330705997168,
1563347171787,
1330651492104,
1330679379677,
1563348194795,
1144067334559,
1330697672026,
1330587719258,
1330004367862,
1330568922407,
1564064461103,
1330716846048,
1330008666912,
1563350351061,
1330729565004,
724066217095,
1143336781437,
1563983906356,
1563346835474,
1330645720063,
1330000922992,
1563887783159,
1563347354335,
1563344592054,
1563960656869,
1563921038400,
1564063687386,
1563967160704,
1563360710713,
1563347064286,
1563347978024,
1563350303256,
1330621357940,
1330514455855,
1564066080164,
1564063618378,
1564016653227,
1330614161118,
1563955338591,
1564067219631,
1563871298306,
1330551231366,
1330715451536,
1563955785611,
1330023273511,
1563974714871,
1564063100609,
1563850905334,
1330462833905,
1563996704494,
1563929378923,
1563348905395,
1564057423940,
1330003825866,
1564058619764,
1330668032610,
1564059876099,
1330711683520,
1330592949289,
1564016934183,
1563347225720,
1563932175953,
1563356086028,
1564014363249,
1563898703378,
1563898844426,
1564029718246,
1564042031311,
1563347568785,
1563350695893,
1564050166266,
1563347812154,
1563852517138,
1330582771088,
1564066994693,
1564039923723,
1563347063765,
1563947032349,
1563345512316,
1330549342229,
1564038402959,
1563988779707,
304046675172,
1330013212166,
1563870944839,
1564062883992,
1564054449531,
1563346522511,
1330004075171,
1563888092914,
1564014075691,
1330702023312,
1330002408387,
1330412755893,
1563346790782,
1564064072277,
304056981372,
1330725684509,
1563962219619,
1563986922428,
1564054379806,
1563976466908,
1563345317690,
1563348348879,
1564064343968,
1564004157536,
304065844975,
1564023537531,
1563868991507,
1330725949928,
1563970183227,
1563875810662,
1330015792611,
1563335546271,
1563997693960,
1564062553888,
304065405576,
1330006611794,
1563857093831,
1563348573829,
1564055360900,
1563865292658,
1564067878844,
1330005352918,
1564049565243,
1563988781247,
303394845730,
1330663594213,
1564012558021,
1564064814522,
1563347765599,
1564020031394,
1564064899905,
1564044213361,
723347456132,
724044908601,
1563341601642,
1563800112823,
1564056376010,
1144067233764,
1330629119752,
1563869478280,
1144064278233,
1143993359558,
1563983209604,
1564029538085,
1563340938119,
1143337818707,
1143333637014,
1330734226833,
724067312633,
1143333617183,
1330734969249,
584008057626,
1144062510448,
1563987625501,
724053089734,
1564065314259,
1564064639071,
583689983557,
1563340314741,
1564068292549,
723493181609,
1564020879470,
1330017174180,
1143333637807,
1564055477306,
1564025095164,
1330014865095,
1563354877749,
1564048137568,
1563353237887,
1564001741236,
1143333613669,
723744331991,
584006955658,
1563931303888,
1330608766111,
1564067696853,
1564052333571,
1144037240763,
1423894161676,
1563338075763,
1330701222592,
1563814911596,
1563873322314,
1564032245500,
1564042807819,
1564046893322,
1143999941634,
1330700649730,
1330686745859,
1564044672008,
1143339069324,
1330681607628,
1143961414495,
1330673349959,
1330649819531,
1330672795561,
1423620080740,
1330701039483,
1330014611755,
1330536380341,
1143886510071,
1563981111837,
1564045323950,
1330723394119,
1330535830792,
1143333532280,
1330701059370,
1423829774199,
1330656742730,
1564024028632,
1330668211343,
1564064445591,
1564065853861,
1190730578296,
1564061902683,
1564066398409,
1564029444161,
1564041979913,
1564019178792,
1564025780445,
1330450520487,
1144062938223,
490700661017,
957385382139,
1330732393155,
1190733352741,
956710206195,
1564055460597,
1563345428761,
1564018178998,
1190129958217,
1564066984183,
1330700860057,
1330725328767,
1330732896850,
1330698727064,
1190729580719,
1563335919770,
1330617599824,
583336258547,
1330005151514,
1143335686171,
584067414956,
1143335693614,
724023331560,
584067864699,
1564066431977,
584058905171,
304025306461,
1564052162493,
1563959925035,
1330692820564,
1563345417848,
1564040919200,
1144045152859,
2053350206205,
1330720812913,
584068059915,
1563345335388,
1563937722417,
1564067688519,
1564067998332,
1564012230846,
1563349175698,
956772709211,
1564066326909,
1144067039994,
1330002132743,
1330704115157,
1563344985685,
1330479706278,
1563782865808,
1564064634276,
1564042918237,
1330728490212,
1330729741772,
1330718495810,
1563357057054,
1330016342265,
1330017110699,
1330725535071,
1330732785736,
1563856024607,
1330017346849,
1330721452424,
1143914111200,
1144052389456,
1563808916891,
1330733801793,
1330730984328,
1563995038001,
583336996449,
956756368486,
1563360736385,
1144047610430,
1563904192519,
1564052336667,
1563334755185,
1564041250095,
1330017201104,
1564045606596,
1564056295526,
1330691286031,
1330002930977,
1563344789764,
1330017115620,
1564048377922,
1564047805250,
1330017386212,
1564051186996,
1564063925739,
1564040044382,
1564054807613,
1564029018297,
1330000641687,
1564048980753,
1563344739369,
1563854845982,
1564062832686,
1563346367655,
1564054132711,
1564042141482,
1330031516935,
1564048538945,
1563339940589,
1564064503456,
1564048973190,
1564067641644,
1564064046848,
1563340483180,
1564039938008,
1563348844481,
1563780116157,
1564049583184,
1564065709584,
1563869978743,
1564057991988,
1330017117496,
1564067991847,
1330491998325,
1564063335172,
1563844547223,
1564045056161,
1563348862044,
1563955622684,
1564047031253,
1564060610392,
1564048697880,
1564025661034,
1563346824370,
1563344659744,
1564063392308,
1563979276951,
1330671140117,
1564065580121,
1564054119772,
1564037235345,
1143334627276,
1144057738950,
1564058460955,
1564025856423,
1564059505460,
1144050466384,
1563976420302,
1564057140270,
1563910036490,
1563346038485,
1564060055012,
1563343460441,
1564056747705,
1563741871764,
1564034562176,
1563345372785,
1564059570178,
1330691787247,
1143841460353,
1144025611687,
1564056809690,
1330011446600,
1564004107162,
1563790803164,
1564001304203,
1564063485901,
1330681950381,
1564059575745,
1144053585171,
1564024745448,
1563967799342,
1330501114490,
1563941029602,
1563875383501,
1564056834120,
1423366061681,
1563941743756,
1330687152638,
1330714659054,
1563858483334,
1330015221131,
1564060876077,
1330003894086,
1564067399773,
1423366947429,
1330700917480,
1564063897505,
1564035244874,
1423976363126,
1564063289009,
1564064956792,
1563888076011,
1564014660931,
1563337101932,
1563344900329,
1564048422797,
1563882167978,
304050965267,
1564066912786,
1563914307606,
1564035062445,
1564038267764,
1564055016715,
1563349224185,
1564068091558,
1423366735065,
1563963037805,
1564065409088,
1564053101300,
1563345161350,
1564064920408,
1563350318693,
1330566324266,
1564065665614,
1330733660057,
1143341269107,
1564067921332,
1564060616612,
1563931601299,
1563998374738,
1563353141252,
1564056861843,
1563852217666,
1143334750590,
1564026929614,
1563360507482,
1330719916673,
1564065458351,
1330728836157,
1330005147139,
957134365695,
1564066682479,
1564038110124,
1564034110667,
1564067767696,
957399550179,
723404762084,
1564022649970,
1564066683039,
1330718966973,
1330661526257,
956741032639,
1330667298030,
1330018118559,
1330663592752,
1143335950740,
1330655222327,
1330667751326,
1143336483321,
1564066679574,
1564046618978,
1143335952434,
1564018273386,
1564049953421,
1564063568690,
1143338330106,
1563953952304,
1564067500426,
1564040391942,
1143856208586,
1564032599355,
1564045784424,
304050531528,
1143341451961,
1330687247341,
1144065049757,
1564058637248,
1144025596399,
1564041807010,
1563345171203,
1564046715025,
1564035689262,
1564060626713,
1564066893344,
1144065232685,
1330003371785,
1330624583514,
1143341236310,
1144041420804,
1330666161491,
1563355625715,
1330710091531,
956909444962,
1330679422466,
1330707037398,
1564061956352,
1330011996131,
1330004059066,
957392958916,
1330664903715,
1330734800444,
1144029830731,
1330005856470,
1563347374355,
1564059590067,
1564022699022,
1564067975500,
1563877057176,
1564068076335,
1563992648229,
1563348930231,
1330016005371,
1330733718925,
1563884537149,
1330715571584,
1564028079684,
1564015513687,
1564042649990,
1564047647348,
1330016356757,
1563353539976,
1564068138817,
1564012819667,
1563923683945,
1563344739686,
1564045616627,
1563984499686,
1563344876629,
1563999749186,
1563998178505,
1563965235665,
1563346590523,
1330014201840,
1330615437715,
1563343414280,
1330004145544,
1563345048241,
1563986441588,
1564017334679,
1330006300385,
1564067557236,
1563346277826,
1564039329206,
1563342827321,
1330017462774,
1563924693531,
1330005373568,
1564052784247,
1563890971792,
1563980734502,
1564019761819,
1564025383627,
1144061764533,
724057435612,
1330732337155,
1564049007262,
303993509792,
1564063395136,
1564046024744,
1564022302047,
1330686665301,
1563997369734,
1563860666799,
1564068122453,
1563906160791,
1563338940305,
1563848315885,
1563969662976,
1564066375729,
1330013335091,
1563977581271,
1563348609204,
1563920769922,
1563918818392,
1563949936019,
1563876967300,
1564030424121,
1144060960207,
1563340128984,
1564013385692,
1564026988694,
1143918413918,
1563824995161,
1143949100226,
1564016081306,
1563984450982,
1564040736328,
1564029174757,
1563347722561,
1564067392169,
1563953749197,
1564066606979,
1564066875728,
1563346685968,
1564065612102,
1563966859347,
1563348824923,
1330649768632,
1330734636184,
1564005992523,
1563345013902,
1563344741270,
1564032544816,
1564028114663,
1330728721849,
1563958597194,
1563342666193,
1563344661027,
957392016091,
1330392017810,
1330726734579,
1143336741106,
1330599159381,
1330705118603,
1330710785877,
1564061177032,
1330723225731,
1143814911178,
1330726144199,
1330013302853,
1330533815755,
1330720762056,
1330724189666,
1330708167007,
1330708633265,
1330712443438,
1143333397292,
1330005616342,
1144064853614,
1144066139155,
1144050109414,
1143337153763,
1563797998408,
1563337646301,
1330731923381,
1564020610450,
1330730633530,
1563930363503,
1330411375671,
1330717109157,
1330018071144,
1330715340619,
1330692332078,
1330715913767,
1563360654599,
1144066468617,
1563345907949,
1330733842431,
1564039198019,
1143337047104,
303975614028,
1563344573933,
304066246976,
1330731160348,
1563337826089,
303991127757,
1563333580930,
1143663337114,
1330666747092,
1330004945511,
1564063328874,
1564050344892,
1143336044972,
1143337013016,
1330720079892,
1144041383361,
1564065243272,
1144027349999,
1330669758236,
1330674158881,
1330732741139,
1564027015875,
1330011157162,
1564024543384,
1563333989795,
1564067132698,
1564023628351,
1563337262559,
1564047976736,
1144058904594,
1564052033266,
1144065443073,
1143641780430,
1564067130698,
1563828773670,
1330011115904,
1564052013708,
1330716822309,
1563834105652,
1564049498386,
1564062988247,
1564007310625,
1563347362892,
1563935317112,
1563336451345,
1564054562315,
1143337082444,
1563334034866,
1330683478497,
1564053259916,
1564049174506,
1563976516307,
1564055737813,
1564054961653,
1144066831826,
1564049947933,
1563347991083,
1564050124651,
1563347182091,
1564050643145,
1330715297214,
1330462806647,
1330470258336,
1564052966508,
1564042287241,
1330571416477,
1190134841809,
1330679957324,
1563347917936,
1330663810660,
1563788313987,
1564041500912,
1563347043965,
1563352029194,
1563349198609,
1563348812312,
1190734482599,
1563346934284,
1564035545599,
1330004151347,
1563745871732,
1564021736729,
1563344904802,
1563360405504,
1330436899572,
1563338137606,
1564045742364,
1564048311317,
1564064304663,
1564050995789,
1190214201047,
1563337992876,
1563931737820,
1563348813964,
1564052977193,
1563347419083,
1330520249377,
1563350864952,
1563338647236,
1564044620184,
1564027597374,
1563999840337,
1563349060329,
1564040193013,
1563989047299,
1563839070094,
1564023251242,
1564065189330,
1564036870998,
1564041552850,
1564017127628,
1564054823359,
1564026290687,
1563912801812,
1563345375186,
1330428755740,
1564033700007,
304065858817,
1564062763428,
1330716314711,
1564018990734,
1564037467888,
1564065125396,
1564063867760,
1564061191469,
1564068262500,
1143337667595,
1330726286015,
304065344611,
1330675238561,
1330734416386,
1563982704141,
1330578356179,
1143337672171,
1564022989865,
1330701232501,
1330701879859,
1564047393689,
1330730279888,
1330728567987,
1143990016162,
583340834839,
723975605768,
1563998026504,
957343577773,
1563968587113,
1330723826712,
1564006754760,
583337124682,
1330710782352,
1330695174053,
1563334336690,
1330634309361,
1143336470378,
304065758355,
1330735200729,
1563340459961,
490144450065,
1330729281620,
583340830289,
1143337456081,
1564029350226,
1563935198413,
1330496656962,
1564067762401,
1563821617757,
1330022406111,
1563345206588,
1563346398420,
1563826075011,
1564066601262,
1563978439865,
1330689362531,
1563350701287,
1330007717133,
1330008498464,
1563347259266,
1563932909627,
1564039329171,
1330682675599,
1563346090698,
1563348256614,
1563337215993,
1563347842000,
1564040160942,
1563341254584,
1564037782547,
956778801239,
1563874478502,
1564056286228,
1143335015312,
1564049547305,
1563345797535,
1564063353134,
1330014436039,
1143335002618,
1563825512048,
1330575058962,
1330016376815,
1564019660963,
1564058110911,
1563899010415,
1563976687205,
1330582439676,
1563345030636,
1563711608351,
1563345049606,
1563946814941,
1330697349898,
1563961535339,
1330730158669,
1563926123981,
1330009437778,
1564046812997,
1564050046745,
583629639896,
1330678515926,
1563941720231,
1563350674916,
303400784918,
1330657147306,
1144061295990,
1143337819318,
1330711867401,
1564056550532,
1564033660506,
1330734467206,
1564040638827,
1564018119986,
1564059876178,
1330704938108,
1564054068070,
1330031416583,
1564062080492,
1564067869721,
1330000686550,
1564049859715,
1564050268547,
1330735464975,
1143974250762,
1564016991567,
1564058473716,
1563347721439,
1144065753961,
1564034264958,
1563817445472,
1330015578486,
1564038960262,
1564065861638,
1564065604728,
1564040759507,
1564003303622,
1564055952685,
1564067730446,
1564025461103,
1330564525031,
1563334859466,
1330685418631,
1563941207409,
1563348028228,
1564037456489,
1330622028824,
1563350283474,
1563347140201,
1564039038725,
1563346361444,
1563852373596,
1563344884126,
1330385186027,
1330017301060,
1564067164058,
1563872598876,
1330011219637,
1563344952250,
1563348483018,
1563348365135,
1563861788463,
1564063004550,
1563350367040,
1563996433839,
1564063610505,
1330568713560,
1563349771153,
1563333464940,
1563819562685,
1330618782448,
1563337339930,
1330509814517,
1563351960604,
1564027488020,
1564054830237,
1564018638842,
1563873356882,
1563353716061,
1330647777179,
1563345149657,
1564056137406,
1330713317346,
1564030027513,
1564015675194,
1330726964114,
1143940020328,
1564050550325,
1563350509872,
1564062972035,
1564051303633,
1330730002590,
1564049775010,
1144025071975,
1564059062323,
1330715782925,
1143337761897,
1564051367449,
1564060967903,
1564024985033,
1564058446307,
1143337788084,
583337069205,
1564054117500,
1564057242680,
1563347086658,
1564055920921,
1330016878918,
1563934929587,
1564056569782,
1564055952106,
1330515762816,
1564055951164,
1563849211978,
1563343529848,
1563349329768,
1330018634849,
1564055462370,
1330596352771,
1564025198421,
1330430170967,
1563832902928,
1564064685192,
1564064562130,
1564042343376,
1563343668581,
1564014252444,
1563871814920,
1564060539050,
1563757870201,
1564053169956,
1564055945790,
1564065529866,
1330003856822,
1564067081938,
1330713755303,
1564063298942,
1564050688846,
1330724785203,
1330509546648,
1563340614936,
1564047174200,
1564045574851,
1564059795328,
1564006429325,
1564007800831,
303429097897,
1563810467788,
1563344543651,
1563868616417,
1564043979838,
1563347189700,
1330402202602,
1330733661481,
1330734465536,
1330006893040,
1564041547499,
1143339072003,
1564064510057,
1330734622900,
1563346879789,
1144064923801,
1143337439682,
1330672338583,
1330000942344,
1143333664148,
303653457160,
1564024823048,
1330710996045,
1330707506923,
1330709200830,
1330701790852,
1564017505022,
1564048331435,
1564017009200,
1564049699335,
1564054109725,
1563947391419,
1564007305949,
1143337677475,
1564017257446,
1330714272629,
1144063549797,
1564015693331,
1564048543103,
1563929027192,
1564036858797,
1564068229003,
1563861655178,
1330670577210,
1563348623342,
1330018619169,
724064422802,
1143334768524,
1143335574306,
1144067747067,
1563343043364,
724066300197,
1330725979783,
1564067323926,
1330727638555,
1330006507564,
1564064663380,
1144067648138,
1190718483906,
1563813127867,
1330734302578,
1564053021951,
1564064304644,
1563346682023,
1563346970453,
1563988599469,
1564014008988,
1563353335152,
1563348035517,
1564034526908,
1563337829085,
1564009219535,
1563759621797,
1563900451085,
1563948718843,
1563990635314,
1564050321598,
1563349002392,
1564022146043,
1330005877214,
1330719766562,
1330716939990,
1564036046547,
1564036226496,
1564063753975,
1564028329934,
1330725758198,
1330691383415,
1330705145296,
1564064853493,
1563346948774,
1563885447730,
1564045448247,
1564066182903,
1563795335538,
1563821442621,
1563347094213,
1563349714131,
1564058394812,
1564017493607,
1563913600398,
1563344860273,
1563348747506,
1563345043894,
1564035097097,
1563349686812,
1563346835528,
1564041227354,
1563345544194,
1564038026770,
1564054299320,
1563780736623,
1563335933175,
1563980281936,
1563990951838,
1563999824207,
1330730902435,
1564065209100,
1563349521227,
1330723516245,
1564050287501,
1330711168684,
1563988364059,
1563973405717,
1330708330711,
1330733675742,
1563931600298,
1330734559298,
1330545380213,
1330722583453,
1330624565106,
1330524811182,
1330727073069,
1330695103593,
1330011947177,
1330705892852,
1563901578906,
1563341649508,
1330670855831,
1330727634611,
1330020367974,
1563980300859,
1563820766155,
1564061833189,
1330008127751,
1143334404930,
1144064418742,
1330734154857,
1330591176289,
1564045409322,
1143338853703,
1330676349727,
1143333381705,
1564052662802,
1144055473696,
1564035767840,
724013918905,
1563347432159,
1564052574189,
1563345585302,
1563999123969,
1564067391280,
1330006755637,
1330699497295,
1330717828913,
1564007678226,
1563965838407,
1564015433682,
1563885279448,
1563922007431,
1563829774556,
1564067422024,
1564023041207,
1563934826197,
1424065199179,
1143336792658,
1424027968988,
1330662962505,
1330662388549,
1563840563357,
1330638522780,
1423363143153,
1330006187708,
1330396683949,
1423767964185,
1330012536066,
1563818284980,
1330665179832,
1330473421407,
1564059984764,
1330011440618,
1563348280022,
1563873428628,
1563346424969,
1563765419904,
1423492013085,
1330724530872,
1330710493954,
1564063980199,
1564061396828,
1564000972795,
1330734489287,
1563346614365,
1143968465964,
1330631958453,
1330003186537,
1564012126376,
1330011253027,
1564052150117,
1563984087988,
1564045880021,
1563347688109,
1564009879539,
1564067342637,
1563998304708,
584060115916,
1564032072404,
1144058416106,
1144038893477,
1143688498288,
1143932386858,
724041888367,
1564040163252,
1563350042697,
1563957310505,
1330014745525,
1330722123668,
1143856729759,
1330008392682,
1330707166413,
1330679178549,
1564053323035,
1330730863798,
1330711086985,
1330657706273,
1330004892904,
1563980265071,
1564042999355,
1564067192520,
1564040721621,
1564066504893,
1564026654778,
1564038018972,
1330010866648,
1564054267484,
1564037990585,
1564060577415,
1330005481235,
1563880845573,
1330714385800,
1563987523009,
1564050183360,
1564007784619,
1564058859335,
1330442245605,
1330734339081,
1330409331066,
1563966429820,
1564061389114,
1564058513740,
1330734371341,
1564068698220,
1564067491263,
1330719227233,
1564056223874,
1564045708061,
1564055727189,
1564010540178,
1564038039225,
1330708030990,
1330722127749,
1330735476618,
1143336858416,
724064943144,
724057587803,
1564042275497,
1564054689675,
1144022686433,
1563943487619,
1143338829871,
1564054260129,
1564060067775,
1563346532713,
1330016114961,
1563345300500,
1143336982937,
1564068255416,
1330701449795,
1564067930107,
1564062099261,
1563347082066,
1564046280556,
1330440792230,
1563927223425,
1564049279632,
1564064111082,
1330732528192,
1330721093235,
1330728262063,
1330725105621,
1330604113771,
1143755545478,
1143735862740,
1564045666619,
1143335941269,
1144007067658,
1144068640442,
1330716246085,
1144054178418,
1564066292817,
1143335938234,
304041781108,
1563958582391,
1330683807175,
1330695233126,
1564056198989,
1563336439807,
1564013964618,
1564068038661,
1563976224050,
1330007324403,
1564061600553,
1330629890503,
1564039295536,
1330734176566,
1564059111974,
1564068331683,
1330006601814,
1330720212159,
1564062716827,
1564066932962,
1330710668336,
1564063809702,
1330724372873,
1563897185802,
1564003929212,
1330025500423,
1143339170747,
1564032439405,
1144067841989,
1144055375400,
1564057866242,
1144033931476,
1330725520072,
1330594883303,
1143941099639,
1144062135769,
1564010948082,
1564046538334,
1563886679231,
1563350651968,
303424106412,
1564037975530,
1563346888289,
1330722884423,
1563349469248,
1564065679535,
1563932386503,
1563911092179,
1143869286189,
1564062197807,
304066940725,
1330013753007,
1564021123326,
1330732034296,
1563829641556,
1563814160365,
1563337954479,
1330004553812,
1564048567937,
1330734825408,
1563346440126,
1564056351354,
1330004700677,
1564021761932,
1563350909325,
1563345277669,
1563346798766,
1564018017305,
1563345093195,
1563940333503,
1563994184837,
1330631780277,
1330718161787,
1564030328889,
1330722579295,
1330657718861,
1564035931217,
1330734237515,
303679191482,
1564029062108,
1563968016615,
1330693580055,
1330725885157,
1330564635934,
1330402784508,
1144068147621,
1330720814549,
1563344725663,
1564045163233,
1330006887512,
1563806771212,
1563340729500,
1563885613168,
1563346314453,
1330715517931,
1563884805553,
1330729732668,
1563335919336,
1563345351803,
1330002444659,
1564068286449,
1330011027230,
1330015011971,
1330682128267,
1330577356371,
1330013655565,
724039162550,
1563977040021,
1330662330160,
1564007909191,
1564001722507,
1564046748483,
1563840170018,
1564014489317,
1563884952177,
1563998366016,
1564049791873,
1564043830073,
1563968637009,
1564019406091,
584061027447,
1330732148909,
1564011084955,
1330733141325,
1330731762332,
1144034315515,
1144048946091,
1143963237356,
724063636536,
1564061205485,
1330727910638,
1330713566093,
1330596513815,
1330014693921,
1330728390016,
1330017490844,
1563349046172,
1330562387662,
1330014440237,
1330624799767,
1563341943340,
1564037369731,
1563355117177,
1330713227911,
1144032669945,
1144010801658,
1143817924517,
1564045166541,
1330709690263,
1563919869619,
1190734905101,
1330685312231,
1563345333594,
1563350363736,
1563348710592,
1563951069902,
1564029039762,
1564043969364,
1190735328020,
1564019703199,
1563350649378,
1190131719147,
1190734041949,
1564012885057,
1563802334796,
1563346363849,
1563360549902,
1563911867028,
1563764390890,
1563998008024,
1564058486365,
1564014018788,
1563345360665,
1563893080997,
1563345517129,
1564018588202,
1563349627767,
1563350834537,
1330722926507,
1330726784263,
1563340667786,
1564055219916,
1564068824924,
1330735330649,
1564065871090,
1330656564038,
1563346928661,
1564060352633,
1330734663500,
1564021096631,
1564025370532,
1563346932000,
1564044826953,
1564065152507,
1563878462484,
1564064173084,
1564067330105,
1564065903855,
1330003111614,
1564049222458,
1330714175534,
1330729535702,
1144026656306,
1563349350325,
1564004786990,
1563893149443,
1563869826666,
1563340239498,
1330595984501,
1330573962963,
1330591051106,
1563874683091,
1563347735530,
1564025444662,
1330733060265,
1190734931859,
1330010939667,
1564042379179,
1144032171716,
1143758516254,
1563846593785,
1330646804015,
1563348619261,
584057391540,
1143335371402,
1330005824567,
1564012268770,
1564058897601,
1330707922364,
1330013359964,
1563353816910,
1330720552035,
1330715660803,
1330685506738,
1330004662592,
1563348187396,
1330017759382,
1564023909940,
1143725541471,
1564066621590,
1330716878486,
1564059247487,
1143336640464,
1330733577821,
1564047736939,
1330715479660,
1563949297808,
1330015102010,
1330538925226,
1563348413715,
1330525860524,
1564068659570,
1564064789354,
1564055231564,
1564001098020,
